-- phpMyAdmin SQL Dump
-- version 5.1.1
-- https://www.phpmyadmin.net/
--
-- Host: 127.0.0.1:3306
-- Generation Time: Feb 17, 2022 at 06:52 AM
-- Server version: 10.5.12-MariaDB-cll-lve
-- PHP Version: 7.2.34

SET SQL_MODE = "NO_AUTO_VALUE_ON_ZERO";
START TRANSACTION;
SET time_zone = "+00:00";


/*!40101 SET @OLD_CHARACTER_SET_CLIENT=@@CHARACTER_SET_CLIENT */;
/*!40101 SET @OLD_CHARACTER_SET_RESULTS=@@CHARACTER_SET_RESULTS */;
/*!40101 SET @OLD_COLLATION_CONNECTION=@@COLLATION_CONNECTION */;
/*!40101 SET NAMES utf8mb4 */;

--
-- Database: `u558438587_dbzenith`
--

-- --------------------------------------------------------

--
-- Table structure for table `airdrop_mtm`
--

CREATE TABLE `airdrop_mtm` (
  `id` int(11) NOT NULL,
  `user_id` int(11) NOT NULL,
  `cart_id` int(11) NOT NULL,
  `amount` double NOT NULL,
  `box` varchar(10) NOT NULL,
  `datecreate` int(11) NOT NULL
) ENGINE=InnoDB DEFAULT CHARSET=latin1;

-- --------------------------------------------------------

--
-- Table structure for table `airdrop_mtm_transfer`
--

CREATE TABLE `airdrop_mtm_transfer` (
  `id` int(11) NOT NULL,
  `user_id` int(11) NOT NULL,
  `amount` float NOT NULL,
  `datecreate` int(11) NOT NULL
) ENGINE=InnoDB DEFAULT CHARSET=latin1;

-- --------------------------------------------------------

--
-- Table structure for table `airdrop_zenx`
--

CREATE TABLE `airdrop_zenx` (
  `id` int(11) NOT NULL,
  `user_id` int(11) NOT NULL,
  `cart_id` int(11) NOT NULL,
  `amount` double NOT NULL,
  `box` varchar(10) NOT NULL,
  `note` varchar(255) NOT NULL,
  `datecreate` int(11) NOT NULL
) ENGINE=InnoDB DEFAULT CHARSET=latin1;

--
-- Dumping data for table `airdrop_zenx`
--

INSERT INTO `airdrop_zenx` (`id`, `user_id`, `cart_id`, `amount`, `box`, `note`, `datecreate`) VALUES
(0, 60, 107, 0.01, '1 BOX', '', 1644890678);

-- --------------------------------------------------------

--
-- Table structure for table `airdrop_zenx_transfer`
--

CREATE TABLE `airdrop_zenx_transfer` (
  `id` int(11) NOT NULL,
  `user_id` int(11) NOT NULL,
  `amount` float NOT NULL,
  `datecreate` int(11) NOT NULL
) ENGINE=InnoDB DEFAULT CHARSET=latin1;

-- --------------------------------------------------------

--
-- Table structure for table `balance_point`
--

CREATE TABLE `balance_point` (
  `id` int(11) NOT NULL,
  `user_id` int(11) NOT NULL,
  `balance_a` int(11) NOT NULL,
  `balance_b` int(11) NOT NULL,
  `datecreate` int(11) NOT NULL,
  `update_date` int(11) NOT NULL
) ENGINE=InnoDB DEFAULT CHARSET=latin1;

--
-- Dumping data for table `balance_point`
--

INSERT INTO `balance_point` (`id`, `user_id`, `balance_a`, `balance_b`, `datecreate`, `update_date`) VALUES
(5785, 882, 37, 0, 1640793543, 0),
(5786, 883, 7, 0, 1640793543, 0),
(5787, 884, 7, 0, 1640793543, 0),
(5788, 882, 37, 0, 1640879942, 0),
(5789, 883, 7, 0, 1640879942, 0),
(5790, 884, 7, 0, 1640879942, 0),
(5791, 882, 37, 0, 1640966343, 0),
(5792, 883, 7, 0, 1640966343, 0),
(5793, 884, 7, 0, 1640966343, 0),
(5794, 882, 37, 0, 1641052742, 0),
(5795, 883, 7, 0, 1641052742, 0),
(5796, 884, 7, 0, 1641052742, 0),
(5797, 882, 37, 0, 1641139142, 0),
(5798, 883, 7, 0, 1641139142, 0),
(5799, 884, 7, 0, 1641139142, 0),
(5800, 882, 37, 0, 1641225542, 0),
(5801, 883, 7, 0, 1641225542, 0),
(5802, 884, 7, 0, 1641225542, 0),
(5803, 882, 37, 0, 1641311942, 0),
(5804, 883, 7, 0, 1641311942, 0),
(5805, 884, 7, 0, 1641311942, 0),
(5806, 882, 37, 0, 1641398343, 0),
(5807, 883, 7, 0, 1641398343, 0),
(5808, 884, 7, 0, 1641398343, 0),
(5809, 882, 37, 0, 1641484742, 0),
(5810, 883, 7, 0, 1641484742, 0),
(5811, 884, 7, 0, 1641484742, 0),
(5812, 882, 37, 0, 1641571142, 0),
(5813, 883, 7, 0, 1641571142, 0),
(5814, 884, 7, 0, 1641571142, 0),
(5815, 882, 37, 0, 1641657542, 0),
(5816, 883, 7, 0, 1641657542, 0),
(5817, 884, 7, 0, 1641657542, 0),
(5818, 882, 37, 0, 1641743942, 0),
(5819, 883, 7, 0, 1641743942, 0),
(5820, 884, 7, 0, 1641743942, 0),
(5821, 882, 37, 0, 1641830342, 0),
(5822, 883, 7, 0, 1641830342, 0),
(5823, 884, 7, 0, 1641830342, 0),
(5824, 882, 37, 0, 1641916742, 0),
(5825, 883, 7, 0, 1641916742, 0),
(5826, 884, 7, 0, 1641916742, 0),
(5827, 882, 37, 0, 1642003143, 0),
(5828, 883, 7, 0, 1642003143, 0),
(5829, 884, 7, 0, 1642003143, 0),
(5830, 882, 37, 0, 1642089542, 0),
(5831, 883, 7, 0, 1642089542, 0),
(5832, 884, 7, 0, 1642089542, 0),
(5833, 882, 37, 0, 1642175942, 0),
(5834, 883, 7, 0, 1642175942, 0),
(5835, 884, 7, 0, 1642175942, 0),
(5836, 882, 37, 0, 1642262342, 0),
(5837, 883, 7, 0, 1642262342, 0),
(5838, 884, 7, 0, 1642262342, 0),
(5839, 882, 37, 0, 1642348743, 0),
(5840, 883, 7, 0, 1642348743, 0),
(5841, 884, 7, 0, 1642348743, 0),
(5842, 882, 37, 0, 1642435143, 0),
(5843, 883, 7, 0, 1642435143, 0),
(5844, 884, 7, 0, 1642435143, 0),
(5845, 882, 37, 0, 1642521543, 0),
(5846, 883, 7, 0, 1642521543, 0),
(5847, 884, 7, 0, 1642521543, 0),
(5848, 882, 37, 0, 1642607942, 0),
(5849, 883, 7, 0, 1642607942, 0),
(5850, 884, 7, 0, 1642607942, 0),
(5851, 882, 37, 0, 1642694343, 0),
(5852, 883, 7, 0, 1642694343, 0),
(5853, 884, 7, 0, 1642694343, 0),
(5854, 882, 37, 0, 1642780742, 0),
(5855, 883, 7, 0, 1642780742, 0),
(5856, 884, 7, 0, 1642780742, 0),
(5857, 882, 37, 0, 1642867142, 0),
(5858, 883, 7, 0, 1642867142, 0),
(5859, 884, 7, 0, 1642867142, 0),
(5860, 882, 37, 0, 1642953542, 0),
(5861, 883, 7, 0, 1642953542, 0),
(5862, 884, 7, 0, 1642953542, 0),
(5863, 882, 37, 0, 1643039942, 0),
(5864, 883, 7, 0, 1643039942, 0),
(5865, 884, 7, 0, 1643039942, 0),
(5866, 882, 37, 0, 1643126343, 0),
(5867, 883, 7, 0, 1643126343, 0),
(5868, 884, 7, 0, 1643126343, 0),
(5869, 882, 37, 0, 1643212743, 0),
(5870, 883, 7, 0, 1643212743, 0),
(5871, 884, 7, 0, 1643212743, 0),
(5872, 882, 37, 0, 1643299142, 0),
(5873, 883, 7, 0, 1643299142, 0),
(5874, 884, 7, 0, 1643299142, 0),
(5875, 882, 37, 0, 1643385542, 0),
(5876, 883, 7, 0, 1643385542, 0),
(5877, 884, 7, 0, 1643385542, 0),
(5878, 882, 37, 0, 1643471942, 0),
(5879, 883, 7, 0, 1643471942, 0),
(5880, 884, 7, 0, 1643471942, 0),
(5881, 882, 37, 0, 1643558343, 0),
(5882, 883, 7, 0, 1643558343, 0),
(5883, 884, 7, 0, 1643558343, 0),
(5884, 882, 37, 0, 1643644742, 0),
(5885, 883, 7, 0, 1643644742, 0),
(5886, 884, 7, 0, 1643644742, 0),
(5887, 882, 37, 0, 1643731145, 0),
(5888, 883, 7, 0, 1643731145, 0),
(5889, 884, 7, 0, 1643731145, 0),
(5890, 882, 37, 0, 1643817543, 0),
(5891, 883, 7, 0, 1643817543, 0),
(5892, 884, 7, 0, 1643817543, 0),
(5893, 882, 37, 0, 1643903942, 0),
(5894, 883, 7, 0, 1643903942, 0),
(5895, 884, 7, 0, 1643903942, 0),
(5896, 882, 37, 0, 1643990342, 0),
(5897, 883, 7, 0, 1643990342, 0),
(5898, 884, 7, 0, 1643990342, 0),
(5899, 882, 37, 0, 1644076742, 0),
(5900, 883, 7, 0, 1644076742, 0),
(5901, 884, 7, 0, 1644076742, 0),
(5902, 882, 37, 0, 1644163142, 0),
(5903, 883, 7, 0, 1644163142, 0),
(5904, 884, 7, 0, 1644163142, 0),
(5905, 882, 37, 0, 1644249542, 0),
(5906, 883, 7, 0, 1644249542, 0),
(5907, 884, 7, 0, 1644249542, 0),
(5908, 882, 37, 0, 1644335942, 0),
(5909, 883, 7, 0, 1644335942, 0),
(5910, 884, 7, 0, 1644335942, 0),
(5911, 882, 37, 0, 1644422342, 0),
(5912, 883, 7, 0, 1644422342, 0),
(5913, 884, 7, 0, 1644422342, 0),
(5914, 882, 37, 0, 1644508742, 0),
(5915, 883, 7, 0, 1644508742, 0),
(5916, 884, 7, 0, 1644508742, 0),
(5917, 882, 37, 0, 1644595142, 0),
(5918, 883, 7, 0, 1644595142, 0),
(5919, 884, 7, 0, 1644595142, 0),
(5920, 882, 37, 0, 1644681542, 0),
(5921, 883, 7, 0, 1644681542, 0),
(5922, 884, 7, 0, 1644681542, 0),
(5923, 882, 37, 0, 1644767942, 0),
(5924, 883, 7, 0, 1644767942, 0),
(5925, 884, 7, 0, 1644767942, 0),
(5926, 882, 37, 0, 1644854342, 0),
(5927, 883, 7, 0, 1644854342, 0),
(5928, 884, 7, 0, 1644854342, 0),
(5929, 882, 37, 0, 1644940742, 0),
(5930, 883, 7, 0, 1644940742, 0),
(5931, 884, 7, 0, 1644940742, 0),
(5932, 882, 37, 0, 1645027142, 0),
(5933, 883, 7, 0, 1645027142, 0),
(5934, 884, 7, 0, 1645027142, 0);

-- --------------------------------------------------------

--
-- Table structure for table `banner_home`
--

CREATE TABLE `banner_home` (
  `id` int(11) NOT NULL,
  `type` int(11) NOT NULL,
  `image` varchar(255) NOT NULL
) ENGINE=InnoDB DEFAULT CHARSET=latin1;

--
-- Dumping data for table `banner_home`
--

INSERT INTO `banner_home` (`id`, `type`, `image`) VALUES
(12, 1, 'iklan_dashboard-01.jpg'),
(15, 2, 'iklan_dashboard1-06.jpg'),
(18, 2, 'iklan_dashboard2-04.jpg'),
(19, 2, 'iklan_dashboard2-05.jpg'),
(20, 1, 'iklan_dashboard-07.jpg'),
(25, 1, 'iklan_dashboard-12.jpg'),
(26, 1, 'iklan_dashboard-13.jpg'),
(27, 1, 'iklan_dashboard-14.jpg'),
(28, 1, 'iklan_dashboard-15.jpg');

-- --------------------------------------------------------

--
-- Table structure for table `basecamp_leader`
--

CREATE TABLE `basecamp_leader` (
  `id` int(11) NOT NULL,
  `id_bs` int(11) NOT NULL,
  `user_id` int(11) NOT NULL,
  `datecreate` int(11) NOT NULL
) ENGINE=InnoDB DEFAULT CHARSET=latin1;

--
-- Dumping data for table `basecamp_leader`
--

INSERT INTO `basecamp_leader` (`id`, `id_bs`, `user_id`, `datecreate`) VALUES
(12, 1, 60, 0),
(13, 2, 60, 0),
(15, 3, 60, 0),
(16, 4, 60, 0),
(17, 5, 60, 0);

-- --------------------------------------------------------

--
-- Table structure for table `basecamp_name`
--

CREATE TABLE `basecamp_name` (
  `id` int(11) NOT NULL,
  `name` varchar(15) NOT NULL,
  `datecreate` int(11) NOT NULL
) ENGINE=InnoDB DEFAULT CHARSET=latin1;

--
-- Dumping data for table `basecamp_name`
--

INSERT INTO `basecamp_name` (`id`, `name`, `datecreate`) VALUES
(1, 'Denpasar', 1641974062),
(2, 'Gianyar', 1641974062),
(3, 'Singaraja', 1641974062),
(4, 'Korea', 1641974062),
(5, 'Jakarta', 1641974062);

-- --------------------------------------------------------

--
-- Table structure for table `bonus`
--

CREATE TABLE `bonus` (
  `id` int(11) NOT NULL,
  `user_id` int(11) NOT NULL,
  `cart_id` int(11) NOT NULL,
  `code_bonus` varchar(10) NOT NULL,
  `filecoin` double NOT NULL,
  `zenx` double NOT NULL,
  `mtm` double NOT NULL,
  `datecreate` int(11) NOT NULL
) ENGINE=InnoDB DEFAULT CHARSET=latin1;

--
-- Dumping data for table `bonus`
--

INSERT INTO `bonus` (`id`, `user_id`, `cart_id`, `code_bonus`, `filecoin`, `zenx`, `mtm`, `datecreate`) VALUES
(687, 60, 1028, 'A', 0.09375, 11.656875, 0, 1640757645),
(688, 849, 1029, 'A', 0.03125, 3.885625, 0, 1640757739),
(689, 850, 1030, 'A', 0.09375, 33.902175, 0, 1640758087),
(690, 851, 1031, 'A', 0.03125, 11.300725, 0, 1640758355),
(691, 852, 1032, 'A', 0.28125, 101.706525, 0, 1640758706),
(692, 853, 1033, 'A', 0.03125, 11.300725, 0, 1640758841),
(693, 854, 1034, 'A', 0.09375, 33.902175, 0, 1640759238),
(694, 855, 1035, 'B', 0.5625, 203.41305, 0, 1640759325),
(695, 856, 1036, 'A', 0.03125, 11.300725, 0, 1640759496),
(696, 857, 1037, 'A', 0.03125, 11.300725, 0, 1640759627),
(697, 858, 1038, 'A', 0.03125, 11.300725, 0, 1640759755),
(698, 859, 1039, 'A', 0.03125, 11.300725, 0, 1640759925),
(699, 860, 1040, 'B', 0.5625, 203.41305, 0, 1640760010),
(700, 861, 1041, 'B', 0.5625, 203.41305, 0, 1640760118),
(701, 862, 1042, 'B', 0.5625, 203.41305, 0, 1640760202),
(702, 863, 1043, 'B', 0.5625, 203.41305, 0, 1640760654),
(703, 864, 1044, 'B', 0.5625, 203.41305, 0, 1640760732),
(704, 865, 1045, 'B', 0.5625, 203.41305, 0, 1640760806),
(705, 866, 1046, 'B', 0.5625, 203.41305, 0, 1640761005),
(706, 867, 1047, 'B', 0.5625, 203.41305, 0, 1640761309),
(707, 868, 1048, 'B', 0.5625, 203.41305, 0, 1640761459),
(708, 869, 1049, 'B', 0.5625, 203.41305, 0, 1640761534),
(709, 870, 1050, 'B', 0.5625, 203.41305, 0, 1640761758),
(710, 871, 1051, 'B', 0.5625, 203.41305, 0, 1640761835),
(711, 872, 1052, 'B', 0.5625, 203.41305, 0, 1640761980),
(712, 873, 1053, 'B', 0.5625, 203.41305, 0, 1640762084),
(713, 874, 1054, 'B', 0.5625, 203.41305, 0, 1640762472),
(714, 875, 1055, 'B', 0.5625, 203.41305, 0, 1640762561),
(715, 876, 1056, 'B', 0.5625, 203.41305, 0, 1640762650),
(716, 877, 1057, 'B', 0.5625, 203.41305, 0, 1640762731),
(717, 878, 1058, 'B', 0.5625, 203.41305, 0, 1640762832),
(718, 879, 1059, 'B', 0.5625, 203.41305, 0, 1640762932),
(719, 880, 1060, 'B', 0.5625, 203.41305, 0, 1640763077),
(720, 881, 1061, 'B', 0.5625, 203.41305, 0, 1640763184),
(721, 882, 1062, 'B', 0.5625, 203.41305, 0, 1640764826),
(722, 882, 1063, 'B', 0.5625, 203.41305, 0, 1640765282),
(723, 882, 1064, 'B', 0.5625, 203.41305, 0, 1640767803),
(724, 882, 1065, 'B', 0.5625, 203.41305, 0, 1640767928),
(725, 882, 1066, 'B', 0.5625, 203.41305, 0, 1640768056),
(726, 882, 1067, 'B', 0.5625, 203.41305, 0, 1640768155);

-- --------------------------------------------------------

--
-- Table structure for table `bonus_basecamp`
--

CREATE TABLE `bonus_basecamp` (
  `id` int(11) NOT NULL,
  `user_id` int(11) NOT NULL,
  `id_bs` int(11) NOT NULL,
  `cart_id` int(11) NOT NULL,
  `code_bonus` varchar(1) NOT NULL,
  `filecoin` double NOT NULL DEFAULT 0,
  `mtm` double NOT NULL DEFAULT 0,
  `zenx` double NOT NULL,
  `team` varchar(1) DEFAULT NULL,
  `type` int(1) NOT NULL,
  `status` varchar(1) NOT NULL,
  `datecreate` int(11) NOT NULL,
  `update_date` int(11) NOT NULL
) ENGINE=InnoDB DEFAULT CHARSET=latin1;

-- --------------------------------------------------------

--
-- Table structure for table `bonus_binarymatch`
--

CREATE TABLE `bonus_binarymatch` (
  `id` int(11) NOT NULL,
  `user_id` int(11) NOT NULL,
  `user_sponsor` int(11) NOT NULL,
  `generation` varchar(2) NOT NULL,
  `mtm` double NOT NULL,
  `zenx` double NOT NULL,
  `datecreate` int(11) NOT NULL
) ENGINE=InnoDB DEFAULT CHARSET=latin1;

-- --------------------------------------------------------

--
-- Table structure for table `bonus_global`
--

CREATE TABLE `bonus_global` (
  `id` int(11) NOT NULL,
  `user_id` int(11) NOT NULL,
  `mtm` double NOT NULL,
  `zenx` double NOT NULL,
  `level_fm` varchar(5) NOT NULL,
  `datecreate` int(11) NOT NULL
) ENGINE=InnoDB DEFAULT CHARSET=latin1;

-- --------------------------------------------------------

--
-- Table structure for table `bonus_maxmatching`
--

CREATE TABLE `bonus_maxmatching` (
  `id` int(11) NOT NULL,
  `user_id` int(11) NOT NULL,
  `mtm` double NOT NULL,
  `zenx` double NOT NULL,
  `set_amount` int(11) NOT NULL,
  `datecreate` int(11) NOT NULL
) ENGINE=InnoDB DEFAULT CHARSET=latin1;

--
-- Dumping data for table `bonus_maxmatching`
--

INSERT INTO `bonus_maxmatching` (`id`, `user_id`, `mtm`, `zenx`, `set_amount`, `datecreate`) VALUES
(277, 882, 0, 2, 8, 1640793543),
(278, 883, 0, 2, 8, 1640793543),
(279, 884, 0, 2, 8, 1640793543);

-- --------------------------------------------------------

--
-- Table structure for table `bonus_minmatching`
--

CREATE TABLE `bonus_minmatching` (
  `id` int(11) NOT NULL,
  `user_id` int(11) NOT NULL,
  `member_id` int(11) NOT NULL,
  `team` varchar(1) NOT NULL,
  `amount` double NOT NULL,
  `datecreate` int(11) NOT NULL
) ENGINE=InnoDB DEFAULT CHARSET=latin1;

--
-- Dumping data for table `bonus_minmatching`
--

INSERT INTO `bonus_minmatching` (`id`, `user_id`, `member_id`, `team`, `amount`, `datecreate`) VALUES
(30764, 60, 849, 'A', 0, 1640707200),
(30765, 849, 850, 'A', 0, 1640707200),
(30766, 850, 851, 'A', 0, 1640707200),
(30767, 851, 852, 'A', 0, 1640707200),
(30768, 852, 853, 'A', 0, 1640707200),
(30769, 853, 854, 'A', 0, 1640707200),
(30770, 854, 855, 'A', 0, 1640707200),
(30771, 855, 856, 'A', 0, 1640707200),
(30772, 856, 857, 'A', 0, 1640707200),
(30773, 857, 858, 'A', 0, 1640707200),
(30774, 858, 859, 'A', 0, 1640707200),
(30775, 859, 860, 'A', 0, 1640707200),
(30776, 860, 861, 'A', 0, 1640707200),
(30777, 861, 862, 'A', 0, 1640707200),
(30778, 862, 863, 'A', 0, 1640707200),
(30779, 863, 864, 'A', 0, 1640707200),
(30780, 864, 865, 'A', 0, 1640707200),
(30781, 865, 866, 'A', 0, 1640707200),
(30782, 866, 867, 'A', 0, 1640707200),
(30783, 867, 868, 'A', 0, 1640707200),
(30784, 868, 869, 'A', 0, 1640707200),
(30785, 869, 870, 'A', 0, 1640707200),
(30786, 870, 871, 'A', 0, 1640707200),
(30787, 871, 872, 'A', 0, 1640707200),
(30788, 872, 873, 'A', 0, 1640707200),
(30789, 873, 874, 'A', 0, 1640707200),
(30790, 874, 875, 'A', 0, 1640707200),
(30791, 875, 876, 'A', 0, 1640707200),
(30792, 876, 877, 'A', 0, 1640707200),
(30793, 877, 878, 'A', 0, 1640707200),
(30794, 878, 879, 'A', 0, 1640707200),
(30795, 879, 880, 'A', 0, 1640707200),
(30796, 880, 881, 'A', 0, 1640707200),
(30797, 881, 882, 'A', 0, 1640707200),
(30798, 882, 883, 'A', 0, 1640707200),
(30799, 882, 884, 'A', 0, 1640707200),
(30800, 60, 849, 'A', 0, 1640793600),
(30801, 849, 850, 'A', 0, 1640793600),
(30802, 850, 851, 'A', 0, 1640793600),
(30803, 851, 852, 'A', 0, 1640793600),
(30804, 852, 853, 'A', 0, 1640793600),
(30805, 853, 854, 'A', 0, 1640793600),
(30806, 854, 855, 'A', 0, 1640793600),
(30807, 855, 856, 'A', 0, 1640793600),
(30808, 856, 857, 'A', 0, 1640793600),
(30809, 857, 858, 'A', 0, 1640793600),
(30810, 858, 859, 'A', 0, 1640793600),
(30811, 859, 860, 'A', 0, 1640793600),
(30812, 860, 861, 'A', 0, 1640793600),
(30813, 861, 862, 'A', 0, 1640793600),
(30814, 862, 863, 'A', 0, 1640793600),
(30815, 863, 864, 'A', 0, 1640793600),
(30816, 864, 865, 'A', 0, 1640793600),
(30817, 865, 866, 'A', 0, 1640793600),
(30818, 866, 867, 'A', 0, 1640793600),
(30819, 867, 868, 'A', 0, 1640793600),
(30820, 868, 869, 'A', 0, 1640793600),
(30821, 869, 870, 'A', 0, 1640793600),
(30822, 870, 871, 'A', 0, 1640793600),
(30823, 871, 872, 'A', 0, 1640793600),
(30824, 872, 873, 'A', 0, 1640793600),
(30825, 873, 874, 'A', 0, 1640793600),
(30826, 874, 875, 'A', 0, 1640793600),
(30827, 875, 876, 'A', 0, 1640793600),
(30828, 876, 877, 'A', 0, 1640793600),
(30829, 877, 878, 'A', 0, 1640793600),
(30830, 878, 879, 'A', 0, 1640793600),
(30831, 879, 880, 'A', 0, 1640793600),
(30832, 880, 881, 'A', 0, 1640793600),
(30833, 881, 882, 'A', 0, 1640793600),
(30834, 882, 883, 'A', 0, 1640793600),
(30835, 882, 884, 'A', 0, 1640793600),
(30836, 882, 885, 'A', 0, 1640793600),
(30837, 882, 886, 'B', 0, 1640793600),
(30838, 882, 887, 'B', 0, 1640793600),
(30839, 882, 888, 'B', 0, 1640793600),
(30840, 60, 849, 'A', 0, 1640793600),
(30841, 849, 850, 'A', 0, 1640793600),
(30842, 850, 851, 'A', 0, 1640793600),
(30843, 851, 852, 'A', 0, 1640793600),
(30844, 852, 853, 'A', 0, 1640793600),
(30845, 853, 854, 'A', 0, 1640793600),
(30846, 854, 855, 'A', 0, 1640793600),
(30847, 855, 856, 'A', 0, 1640793600),
(30848, 856, 857, 'A', 0, 1640793600),
(30849, 857, 858, 'A', 0, 1640793600),
(30850, 858, 859, 'A', 0, 1640793600),
(30851, 859, 860, 'A', 0, 1640793600),
(30852, 860, 861, 'A', 0, 1640793600),
(30853, 861, 862, 'A', 0, 1640793600),
(30854, 862, 863, 'A', 0, 1640793600),
(30855, 863, 864, 'A', 0, 1640793600),
(30856, 864, 865, 'A', 0, 1640793600),
(30857, 865, 866, 'A', 0, 1640793600),
(30858, 866, 867, 'A', 0, 1640793600),
(30859, 867, 868, 'A', 0, 1640793600),
(30860, 868, 869, 'A', 0, 1640793600),
(30861, 869, 870, 'A', 0, 1640793600),
(30862, 870, 871, 'A', 0, 1640793600),
(30863, 871, 872, 'A', 0, 1640793600),
(30864, 872, 873, 'A', 0, 1640793600),
(30865, 873, 874, 'A', 0, 1640793600),
(30866, 874, 875, 'A', 0, 1640793600),
(30867, 875, 876, 'A', 0, 1640793600),
(30868, 876, 877, 'A', 0, 1640793600),
(30869, 877, 878, 'A', 0, 1640793600),
(30870, 878, 879, 'A', 0, 1640793600),
(30871, 879, 880, 'A', 0, 1640793600),
(30872, 880, 881, 'A', 0, 1640793600),
(30873, 881, 882, 'A', 0, 1640793600),
(30874, 882, 883, 'A', 0, 1640793600),
(30875, 882, 884, 'A', 0, 1640793600),
(30876, 882, 885, 'A', 0, 1640793600),
(30877, 882, 886, 'B', 0, 1640793600),
(30878, 882, 887, 'B', 0, 1640793600),
(30879, 882, 888, 'B', 0, 1640793600),
(30880, 60, 849, 'A', 0, 1640880000),
(30881, 849, 850, 'A', 0, 1640880000),
(30882, 850, 851, 'A', 0, 1640880000),
(30883, 851, 852, 'A', 0, 1640880000),
(30884, 852, 853, 'A', 0, 1640880000),
(30885, 853, 854, 'A', 0, 1640880000),
(30886, 854, 855, 'A', 0, 1640880000),
(30887, 855, 856, 'A', 0, 1640880000),
(30888, 856, 857, 'A', 0, 1640880000),
(30889, 857, 858, 'A', 0, 1640880000),
(30890, 858, 859, 'A', 0, 1640880000),
(30891, 859, 860, 'A', 0, 1640880000),
(30892, 860, 861, 'A', 0, 1640880000),
(30893, 861, 862, 'A', 0, 1640880000),
(30894, 862, 863, 'A', 0, 1640880000),
(30895, 863, 864, 'A', 0, 1640880000),
(30896, 864, 865, 'A', 0, 1640880000),
(30897, 865, 866, 'A', 0, 1640880000),
(30898, 866, 867, 'A', 0, 1640880000),
(30899, 867, 868, 'A', 0, 1640880000),
(30900, 868, 869, 'A', 0, 1640880000),
(30901, 869, 870, 'A', 0, 1640880000),
(30902, 870, 871, 'A', 0, 1640880000),
(30903, 871, 872, 'A', 0, 1640880000),
(30904, 872, 873, 'A', 0, 1640880000),
(30905, 873, 874, 'A', 0, 1640880000),
(30906, 874, 875, 'A', 0, 1640880000),
(30907, 875, 876, 'A', 0, 1640880000),
(30908, 876, 877, 'A', 0, 1640880000),
(30909, 877, 878, 'A', 0, 1640880000),
(30910, 878, 879, 'A', 0, 1640880000),
(30911, 879, 880, 'A', 0, 1640880000),
(30912, 880, 881, 'A', 0, 1640880000),
(30913, 881, 882, 'A', 0, 1640880000),
(30914, 882, 883, 'A', 0, 1640880000),
(30915, 882, 884, 'A', 0, 1640880000),
(30916, 882, 885, 'A', 0, 1640880000),
(30917, 882, 886, 'B', 0, 1640880000),
(30918, 882, 887, 'B', 0, 1640880000),
(30919, 882, 888, 'B', 0, 1640880000),
(30920, 60, 849, 'A', 0, 1640880000),
(30921, 849, 850, 'A', 0, 1640880000),
(30922, 850, 851, 'A', 0, 1640880000),
(30923, 851, 852, 'A', 0, 1640880000),
(30924, 852, 853, 'A', 0, 1640880000),
(30925, 853, 854, 'A', 0, 1640880000),
(30926, 854, 855, 'A', 0, 1640880000),
(30927, 855, 856, 'A', 0, 1640880000),
(30928, 856, 857, 'A', 0, 1640880000),
(30929, 857, 858, 'A', 0, 1640880000),
(30930, 858, 859, 'A', 0, 1640880000),
(30931, 859, 860, 'A', 0, 1640880000),
(30932, 860, 861, 'A', 0, 1640880000),
(30933, 861, 862, 'A', 0, 1640880000),
(30934, 862, 863, 'A', 0, 1640880000),
(30935, 863, 864, 'A', 0, 1640880000),
(30936, 864, 865, 'A', 0, 1640880000),
(30937, 865, 866, 'A', 0, 1640880000),
(30938, 866, 867, 'A', 0, 1640880000),
(30939, 867, 868, 'A', 0, 1640880000),
(30940, 868, 869, 'A', 0, 1640880000),
(30941, 869, 870, 'A', 0, 1640880000),
(30942, 870, 871, 'A', 0, 1640880000),
(30943, 871, 872, 'A', 0, 1640880000),
(30944, 872, 873, 'A', 0, 1640880000),
(30945, 873, 874, 'A', 0, 1640880000),
(30946, 874, 875, 'A', 0, 1640880000),
(30947, 875, 876, 'A', 0, 1640880000),
(30948, 876, 877, 'A', 0, 1640880000),
(30949, 877, 878, 'A', 0, 1640880000),
(30950, 878, 879, 'A', 0, 1640880000),
(30951, 879, 880, 'A', 0, 1640880000),
(30952, 880, 881, 'A', 0, 1640880000),
(30953, 881, 882, 'A', 0, 1640880000),
(30954, 882, 883, 'A', 0, 1640880000),
(30955, 882, 884, 'A', 0, 1640880000),
(30956, 882, 885, 'A', 0, 1640880000),
(30957, 882, 886, 'B', 0, 1640880000),
(30958, 882, 887, 'B', 0, 1640880000),
(30959, 882, 888, 'B', 0, 1640880000),
(30960, 60, 849, 'A', 0, 1640966400),
(30961, 849, 850, 'A', 0, 1640966400),
(30962, 850, 851, 'A', 0, 1640966400),
(30963, 851, 852, 'A', 0, 1640966400),
(30964, 852, 853, 'A', 0, 1640966400),
(30965, 853, 854, 'A', 0, 1640966400),
(30966, 854, 855, 'A', 0, 1640966400),
(30967, 855, 856, 'A', 0, 1640966400),
(30968, 856, 857, 'A', 0, 1640966400),
(30969, 857, 858, 'A', 0, 1640966400),
(30970, 858, 859, 'A', 0, 1640966400),
(30971, 859, 860, 'A', 0, 1640966400),
(30972, 860, 861, 'A', 0, 1640966400),
(30973, 861, 862, 'A', 0, 1640966400),
(30974, 862, 863, 'A', 0, 1640966400),
(30975, 863, 864, 'A', 0, 1640966400),
(30976, 864, 865, 'A', 0, 1640966400),
(30977, 865, 866, 'A', 0, 1640966400),
(30978, 866, 867, 'A', 0, 1640966400),
(30979, 867, 868, 'A', 0, 1640966400),
(30980, 868, 869, 'A', 0, 1640966400),
(30981, 869, 870, 'A', 0, 1640966400),
(30982, 870, 871, 'A', 0, 1640966400),
(30983, 871, 872, 'A', 0, 1640966400),
(30984, 872, 873, 'A', 0, 1640966400),
(30985, 873, 874, 'A', 0, 1640966400),
(30986, 874, 875, 'A', 0, 1640966400),
(30987, 875, 876, 'A', 0, 1640966400),
(30988, 876, 877, 'A', 0, 1640966400),
(30989, 877, 878, 'A', 0, 1640966400),
(30990, 878, 879, 'A', 0, 1640966400),
(30991, 879, 880, 'A', 0, 1640966400),
(30992, 880, 881, 'A', 0, 1640966400),
(30993, 881, 882, 'A', 0, 1640966400),
(30994, 882, 883, 'A', 0, 1640966400),
(30995, 882, 884, 'A', 0, 1640966400),
(30996, 882, 885, 'A', 0, 1640966400),
(30997, 882, 886, 'B', 0, 1640966400),
(30998, 882, 887, 'B', 0, 1640966400),
(30999, 882, 888, 'B', 0, 1640966400),
(31000, 60, 849, 'A', 0, 1640966400),
(31001, 849, 850, 'A', 0, 1640966400),
(31002, 850, 851, 'A', 0, 1640966400),
(31003, 851, 852, 'A', 0, 1640966400),
(31004, 852, 853, 'A', 0, 1640966400),
(31005, 853, 854, 'A', 0, 1640966400),
(31006, 854, 855, 'A', 0, 1640966400),
(31007, 855, 856, 'A', 0, 1640966400),
(31008, 856, 857, 'A', 0, 1640966400),
(31009, 857, 858, 'A', 0, 1640966400),
(31010, 858, 859, 'A', 0, 1640966400),
(31011, 859, 860, 'A', 0, 1640966400),
(31012, 860, 861, 'A', 0, 1640966400),
(31013, 861, 862, 'A', 0, 1640966400),
(31014, 862, 863, 'A', 0, 1640966400),
(31015, 863, 864, 'A', 0, 1640966400),
(31016, 864, 865, 'A', 0, 1640966400),
(31017, 865, 866, 'A', 0, 1640966400),
(31018, 866, 867, 'A', 0, 1640966400),
(31019, 867, 868, 'A', 0, 1640966400),
(31020, 868, 869, 'A', 0, 1640966400),
(31021, 869, 870, 'A', 0, 1640966400),
(31022, 870, 871, 'A', 0, 1640966400),
(31023, 871, 872, 'A', 0, 1640966400),
(31024, 872, 873, 'A', 0, 1640966400),
(31025, 873, 874, 'A', 0, 1640966400),
(31026, 874, 875, 'A', 0, 1640966400),
(31027, 875, 876, 'A', 0, 1640966400),
(31028, 876, 877, 'A', 0, 1640966400),
(31029, 877, 878, 'A', 0, 1640966400),
(31030, 878, 879, 'A', 0, 1640966400),
(31031, 879, 880, 'A', 0, 1640966400),
(31032, 880, 881, 'A', 0, 1640966400),
(31033, 881, 882, 'A', 0, 1640966400),
(31034, 882, 883, 'A', 0, 1640966400),
(31035, 882, 884, 'A', 0, 1640966400),
(31036, 882, 885, 'A', 0, 1640966400),
(31037, 882, 886, 'B', 0, 1640966400),
(31038, 882, 887, 'B', 0, 1640966400),
(31039, 882, 888, 'B', 0, 1640966400),
(31040, 60, 849, 'A', 0, 1641052800),
(31041, 849, 850, 'A', 0, 1641052800),
(31042, 850, 851, 'A', 0, 1641052800),
(31043, 851, 852, 'A', 0, 1641052800),
(31044, 852, 853, 'A', 0, 1641052800),
(31045, 853, 854, 'A', 0, 1641052800),
(31046, 854, 855, 'A', 0, 1641052800),
(31047, 855, 856, 'A', 0, 1641052800),
(31048, 856, 857, 'A', 0, 1641052800),
(31049, 857, 858, 'A', 0, 1641052800),
(31050, 858, 859, 'A', 0, 1641052800),
(31051, 859, 860, 'A', 0, 1641052800),
(31052, 860, 861, 'A', 0, 1641052800),
(31053, 861, 862, 'A', 0, 1641052800),
(31054, 862, 863, 'A', 0, 1641052800),
(31055, 863, 864, 'A', 0, 1641052800),
(31056, 864, 865, 'A', 0, 1641052800),
(31057, 865, 866, 'A', 0, 1641052800),
(31058, 866, 867, 'A', 0, 1641052800),
(31059, 867, 868, 'A', 0, 1641052800),
(31060, 868, 869, 'A', 0, 1641052800),
(31061, 869, 870, 'A', 0, 1641052800),
(31062, 870, 871, 'A', 0, 1641052800),
(31063, 871, 872, 'A', 0, 1641052800),
(31064, 872, 873, 'A', 0, 1641052800),
(31065, 873, 874, 'A', 0, 1641052800),
(31066, 874, 875, 'A', 0, 1641052800),
(31067, 875, 876, 'A', 0, 1641052800),
(31068, 876, 877, 'A', 0, 1641052800),
(31069, 877, 878, 'A', 0, 1641052800),
(31070, 878, 879, 'A', 0, 1641052800),
(31071, 879, 880, 'A', 0, 1641052800),
(31072, 880, 881, 'A', 0, 1641052800),
(31073, 881, 882, 'A', 0, 1641052800),
(31074, 882, 883, 'A', 0, 1641052800),
(31075, 882, 884, 'A', 0, 1641052800),
(31076, 882, 885, 'A', 0, 1641052800),
(31077, 882, 886, 'B', 0, 1641052800),
(31078, 882, 887, 'B', 0, 1641052800),
(31079, 882, 888, 'B', 0, 1641052800),
(31080, 60, 849, 'A', 0, 1641052800),
(31081, 849, 850, 'A', 0, 1641052800),
(31082, 850, 851, 'A', 0, 1641052800),
(31083, 851, 852, 'A', 0, 1641052800),
(31084, 852, 853, 'A', 0, 1641052800),
(31085, 853, 854, 'A', 0, 1641052800),
(31086, 854, 855, 'A', 0, 1641052800),
(31087, 855, 856, 'A', 0, 1641052800),
(31088, 856, 857, 'A', 0, 1641052800),
(31089, 857, 858, 'A', 0, 1641052800),
(31090, 858, 859, 'A', 0, 1641052800),
(31091, 859, 860, 'A', 0, 1641052800),
(31092, 860, 861, 'A', 0, 1641052800),
(31093, 861, 862, 'A', 0, 1641052800),
(31094, 862, 863, 'A', 0, 1641052800),
(31095, 863, 864, 'A', 0, 1641052800),
(31096, 864, 865, 'A', 0, 1641052800),
(31097, 865, 866, 'A', 0, 1641052800),
(31098, 866, 867, 'A', 0, 1641052800),
(31099, 867, 868, 'A', 0, 1641052800),
(31100, 868, 869, 'A', 0, 1641052800),
(31101, 869, 870, 'A', 0, 1641052800),
(31102, 870, 871, 'A', 0, 1641052800),
(31103, 871, 872, 'A', 0, 1641052800),
(31104, 872, 873, 'A', 0, 1641052800),
(31105, 873, 874, 'A', 0, 1641052800),
(31106, 874, 875, 'A', 0, 1641052800),
(31107, 875, 876, 'A', 0, 1641052800),
(31108, 876, 877, 'A', 0, 1641052800),
(31109, 877, 878, 'A', 0, 1641052800),
(31110, 878, 879, 'A', 0, 1641052800),
(31111, 879, 880, 'A', 0, 1641052800),
(31112, 880, 881, 'A', 0, 1641052800),
(31113, 881, 882, 'A', 0, 1641052800),
(31114, 882, 883, 'A', 0, 1641052800),
(31115, 882, 884, 'A', 0, 1641052800),
(31116, 882, 885, 'A', 0, 1641052800),
(31117, 882, 886, 'B', 0, 1641052800),
(31118, 882, 887, 'B', 0, 1641052800),
(31119, 882, 888, 'B', 0, 1641052800),
(31120, 60, 849, 'A', 0, 1641139200),
(31121, 849, 850, 'A', 0, 1641139200),
(31122, 850, 851, 'A', 0, 1641139200),
(31123, 851, 852, 'A', 0, 1641139200),
(31124, 852, 853, 'A', 0, 1641139200),
(31125, 853, 854, 'A', 0, 1641139200),
(31126, 854, 855, 'A', 0, 1641139200),
(31127, 855, 856, 'A', 0, 1641139200),
(31128, 856, 857, 'A', 0, 1641139200),
(31129, 857, 858, 'A', 0, 1641139200),
(31130, 858, 859, 'A', 0, 1641139200),
(31131, 859, 860, 'A', 0, 1641139200),
(31132, 860, 861, 'A', 0, 1641139200),
(31133, 861, 862, 'A', 0, 1641139200),
(31134, 862, 863, 'A', 0, 1641139200),
(31135, 863, 864, 'A', 0, 1641139200),
(31136, 864, 865, 'A', 0, 1641139200),
(31137, 865, 866, 'A', 0, 1641139200),
(31138, 866, 867, 'A', 0, 1641139200),
(31139, 867, 868, 'A', 0, 1641139200),
(31140, 868, 869, 'A', 0, 1641139200),
(31141, 869, 870, 'A', 0, 1641139200),
(31142, 870, 871, 'A', 0, 1641139200),
(31143, 871, 872, 'A', 0, 1641139200),
(31144, 872, 873, 'A', 0, 1641139200),
(31145, 873, 874, 'A', 0, 1641139200),
(31146, 874, 875, 'A', 0, 1641139200),
(31147, 875, 876, 'A', 0, 1641139200),
(31148, 876, 877, 'A', 0, 1641139200),
(31149, 877, 878, 'A', 0, 1641139200),
(31150, 878, 879, 'A', 0, 1641139200),
(31151, 879, 880, 'A', 0, 1641139200),
(31152, 880, 881, 'A', 0, 1641139200),
(31153, 881, 882, 'A', 0, 1641139200),
(31154, 882, 883, 'A', 0, 1641139200),
(31155, 882, 884, 'A', 0, 1641139200),
(31156, 882, 885, 'A', 0, 1641139200),
(31157, 882, 886, 'B', 0, 1641139200),
(31158, 882, 887, 'B', 0, 1641139200),
(31159, 882, 888, 'B', 0, 1641139200),
(31160, 60, 849, 'A', 0, 1641139200),
(31161, 849, 850, 'A', 0, 1641139200),
(31162, 850, 851, 'A', 0, 1641139200),
(31163, 851, 852, 'A', 0, 1641139200),
(31164, 852, 853, 'A', 0, 1641139200),
(31165, 853, 854, 'A', 0, 1641139200),
(31166, 854, 855, 'A', 0, 1641139200),
(31167, 855, 856, 'A', 0, 1641139200),
(31168, 856, 857, 'A', 0, 1641139200),
(31169, 857, 858, 'A', 0, 1641139200),
(31170, 858, 859, 'A', 0, 1641139200),
(31171, 859, 860, 'A', 0, 1641139200),
(31172, 860, 861, 'A', 0, 1641139200),
(31173, 861, 862, 'A', 0, 1641139200),
(31174, 862, 863, 'A', 0, 1641139200),
(31175, 863, 864, 'A', 0, 1641139200),
(31176, 864, 865, 'A', 0, 1641139200),
(31177, 865, 866, 'A', 0, 1641139200),
(31178, 866, 867, 'A', 0, 1641139200),
(31179, 867, 868, 'A', 0, 1641139200),
(31180, 868, 869, 'A', 0, 1641139200),
(31181, 869, 870, 'A', 0, 1641139200),
(31182, 870, 871, 'A', 0, 1641139200),
(31183, 871, 872, 'A', 0, 1641139200),
(31184, 872, 873, 'A', 0, 1641139200),
(31185, 873, 874, 'A', 0, 1641139200),
(31186, 874, 875, 'A', 0, 1641139200),
(31187, 875, 876, 'A', 0, 1641139200),
(31188, 876, 877, 'A', 0, 1641139200),
(31189, 877, 878, 'A', 0, 1641139200),
(31190, 878, 879, 'A', 0, 1641139200),
(31191, 879, 880, 'A', 0, 1641139200),
(31192, 880, 881, 'A', 0, 1641139200),
(31193, 881, 882, 'A', 0, 1641139200),
(31194, 882, 883, 'A', 0, 1641139200),
(31195, 882, 884, 'A', 0, 1641139200),
(31196, 882, 885, 'A', 0, 1641139200),
(31197, 882, 886, 'B', 0, 1641139200),
(31198, 882, 887, 'B', 0, 1641139200),
(31199, 882, 888, 'B', 0, 1641139200),
(31200, 60, 849, 'A', 0, 1641225600),
(31201, 849, 850, 'A', 0, 1641225600),
(31202, 850, 851, 'A', 0, 1641225600),
(31203, 851, 852, 'A', 0, 1641225600),
(31204, 852, 853, 'A', 0, 1641225600),
(31205, 853, 854, 'A', 0, 1641225600),
(31206, 854, 855, 'A', 0, 1641225600),
(31207, 855, 856, 'A', 0, 1641225600),
(31208, 856, 857, 'A', 0, 1641225600),
(31209, 857, 858, 'A', 0, 1641225600),
(31210, 858, 859, 'A', 0, 1641225600),
(31211, 859, 860, 'A', 0, 1641225600),
(31212, 860, 861, 'A', 0, 1641225600),
(31213, 861, 862, 'A', 0, 1641225600),
(31214, 862, 863, 'A', 0, 1641225600),
(31215, 863, 864, 'A', 0, 1641225600),
(31216, 864, 865, 'A', 0, 1641225600),
(31217, 865, 866, 'A', 0, 1641225600),
(31218, 866, 867, 'A', 0, 1641225600),
(31219, 867, 868, 'A', 0, 1641225600),
(31220, 868, 869, 'A', 0, 1641225600),
(31221, 869, 870, 'A', 0, 1641225600),
(31222, 870, 871, 'A', 0, 1641225600),
(31223, 871, 872, 'A', 0, 1641225600),
(31224, 872, 873, 'A', 0, 1641225600),
(31225, 873, 874, 'A', 0, 1641225600),
(31226, 874, 875, 'A', 0, 1641225600),
(31227, 875, 876, 'A', 0, 1641225600),
(31228, 876, 877, 'A', 0, 1641225600),
(31229, 877, 878, 'A', 0, 1641225600),
(31230, 878, 879, 'A', 0, 1641225600),
(31231, 879, 880, 'A', 0, 1641225600),
(31232, 880, 881, 'A', 0, 1641225600),
(31233, 881, 882, 'A', 0, 1641225600),
(31234, 882, 883, 'A', 0, 1641225600),
(31235, 882, 884, 'A', 0, 1641225600),
(31236, 882, 885, 'A', 0, 1641225600),
(31237, 882, 886, 'B', 0, 1641225600),
(31238, 882, 887, 'B', 0, 1641225600),
(31239, 882, 888, 'B', 0, 1641225600),
(31240, 60, 849, 'A', 0, 1641225600),
(31241, 849, 850, 'A', 0, 1641225600),
(31242, 850, 851, 'A', 0, 1641225600),
(31243, 851, 852, 'A', 0, 1641225600),
(31244, 852, 853, 'A', 0, 1641225600),
(31245, 853, 854, 'A', 0, 1641225600),
(31246, 854, 855, 'A', 0, 1641225600),
(31247, 855, 856, 'A', 0, 1641225600),
(31248, 856, 857, 'A', 0, 1641225600),
(31249, 857, 858, 'A', 0, 1641225600),
(31250, 858, 859, 'A', 0, 1641225600),
(31251, 859, 860, 'A', 0, 1641225600),
(31252, 860, 861, 'A', 0, 1641225600),
(31253, 861, 862, 'A', 0, 1641225600),
(31254, 862, 863, 'A', 0, 1641225600),
(31255, 863, 864, 'A', 0, 1641225600),
(31256, 864, 865, 'A', 0, 1641225600),
(31257, 865, 866, 'A', 0, 1641225600),
(31258, 866, 867, 'A', 0, 1641225600),
(31259, 867, 868, 'A', 0, 1641225600),
(31260, 868, 869, 'A', 0, 1641225600),
(31261, 869, 870, 'A', 0, 1641225600),
(31262, 870, 871, 'A', 0, 1641225600),
(31263, 871, 872, 'A', 0, 1641225600),
(31264, 872, 873, 'A', 0, 1641225600),
(31265, 873, 874, 'A', 0, 1641225600),
(31266, 874, 875, 'A', 0, 1641225600),
(31267, 875, 876, 'A', 0, 1641225600),
(31268, 876, 877, 'A', 0, 1641225600),
(31269, 877, 878, 'A', 0, 1641225600),
(31270, 878, 879, 'A', 0, 1641225600),
(31271, 879, 880, 'A', 0, 1641225600),
(31272, 880, 881, 'A', 0, 1641225600),
(31273, 881, 882, 'A', 0, 1641225600),
(31274, 882, 883, 'A', 0, 1641225600),
(31275, 882, 884, 'A', 0, 1641225600),
(31276, 882, 885, 'A', 0, 1641225600),
(31277, 882, 886, 'B', 0, 1641225600),
(31278, 882, 887, 'B', 0, 1641225600),
(31279, 882, 888, 'B', 0, 1641225600),
(31280, 60, 849, 'A', 0, 1641312000),
(31281, 849, 850, 'A', 0, 1641312000),
(31282, 850, 851, 'A', 0, 1641312000),
(31283, 851, 852, 'A', 0, 1641312000),
(31284, 852, 853, 'A', 0, 1641312000),
(31285, 853, 854, 'A', 0, 1641312000),
(31286, 854, 855, 'A', 0, 1641312000),
(31287, 855, 856, 'A', 0, 1641312000),
(31288, 856, 857, 'A', 0, 1641312000),
(31289, 857, 858, 'A', 0, 1641312000),
(31290, 858, 859, 'A', 0, 1641312000),
(31291, 859, 860, 'A', 0, 1641312000),
(31292, 860, 861, 'A', 0, 1641312000),
(31293, 861, 862, 'A', 0, 1641312000),
(31294, 862, 863, 'A', 0, 1641312000),
(31295, 863, 864, 'A', 0, 1641312000),
(31296, 864, 865, 'A', 0, 1641312000),
(31297, 865, 866, 'A', 0, 1641312000),
(31298, 866, 867, 'A', 0, 1641312000),
(31299, 867, 868, 'A', 0, 1641312000),
(31300, 868, 869, 'A', 0, 1641312000),
(31301, 869, 870, 'A', 0, 1641312000),
(31302, 870, 871, 'A', 0, 1641312000),
(31303, 871, 872, 'A', 0, 1641312000),
(31304, 872, 873, 'A', 0, 1641312000),
(31305, 873, 874, 'A', 0, 1641312000),
(31306, 874, 875, 'A', 0, 1641312000),
(31307, 875, 876, 'A', 0, 1641312000),
(31308, 876, 877, 'A', 0, 1641312000),
(31309, 877, 878, 'A', 0, 1641312000),
(31310, 878, 879, 'A', 0, 1641312000),
(31311, 879, 880, 'A', 0, 1641312000),
(31312, 880, 881, 'A', 0, 1641312000),
(31313, 881, 882, 'A', 0, 1641312000),
(31314, 882, 883, 'A', 0, 1641312000),
(31315, 882, 884, 'A', 0, 1641312000),
(31316, 882, 885, 'A', 0, 1641312000),
(31317, 882, 886, 'B', 0, 1641312000),
(31318, 882, 887, 'B', 0, 1641312000),
(31319, 882, 888, 'B', 0, 1641312000),
(31320, 60, 849, 'A', 0, 1641312000),
(31321, 849, 850, 'A', 0, 1641312000),
(31322, 850, 851, 'A', 0, 1641312000),
(31323, 851, 852, 'A', 0, 1641312000),
(31324, 852, 853, 'A', 0, 1641312000),
(31325, 853, 854, 'A', 0, 1641312000),
(31326, 854, 855, 'A', 0, 1641312000),
(31327, 855, 856, 'A', 0, 1641312000),
(31328, 856, 857, 'A', 0, 1641312000),
(31329, 857, 858, 'A', 0, 1641312000),
(31330, 858, 859, 'A', 0, 1641312000),
(31331, 859, 860, 'A', 0, 1641312000),
(31332, 860, 861, 'A', 0, 1641312000),
(31333, 861, 862, 'A', 0, 1641312000),
(31334, 862, 863, 'A', 0, 1641312000),
(31335, 863, 864, 'A', 0, 1641312000),
(31336, 864, 865, 'A', 0, 1641312000),
(31337, 865, 866, 'A', 0, 1641312000),
(31338, 866, 867, 'A', 0, 1641312000),
(31339, 867, 868, 'A', 0, 1641312000),
(31340, 868, 869, 'A', 0, 1641312000),
(31341, 869, 870, 'A', 0, 1641312000),
(31342, 870, 871, 'A', 0, 1641312000),
(31343, 871, 872, 'A', 0, 1641312000),
(31344, 872, 873, 'A', 0, 1641312000),
(31345, 873, 874, 'A', 0, 1641312000),
(31346, 874, 875, 'A', 0, 1641312000),
(31347, 875, 876, 'A', 0, 1641312000),
(31348, 876, 877, 'A', 0, 1641312000),
(31349, 877, 878, 'A', 0, 1641312000),
(31350, 878, 879, 'A', 0, 1641312000),
(31351, 879, 880, 'A', 0, 1641312000),
(31352, 880, 881, 'A', 0, 1641312000),
(31353, 881, 882, 'A', 0, 1641312000),
(31354, 882, 883, 'A', 0, 1641312000),
(31355, 882, 884, 'A', 0, 1641312000),
(31356, 882, 885, 'A', 0, 1641312000),
(31357, 882, 886, 'B', 0, 1641312000),
(31358, 882, 887, 'B', 0, 1641312000),
(31359, 882, 888, 'B', 0, 1641312000),
(31360, 60, 849, 'A', 0, 1641398400),
(31361, 849, 850, 'A', 0, 1641398400),
(31362, 850, 851, 'A', 0, 1641398400),
(31363, 851, 852, 'A', 0, 1641398400),
(31364, 852, 853, 'A', 0, 1641398400),
(31365, 853, 854, 'A', 0, 1641398400),
(31366, 854, 855, 'A', 0, 1641398400),
(31367, 855, 856, 'A', 0, 1641398400),
(31368, 856, 857, 'A', 0, 1641398400),
(31369, 857, 858, 'A', 0, 1641398400),
(31370, 858, 859, 'A', 0, 1641398400),
(31371, 859, 860, 'A', 0, 1641398400),
(31372, 860, 861, 'A', 0, 1641398400),
(31373, 861, 862, 'A', 0, 1641398400),
(31374, 862, 863, 'A', 0, 1641398400),
(31375, 863, 864, 'A', 0, 1641398400),
(31376, 864, 865, 'A', 0, 1641398400),
(31377, 865, 866, 'A', 0, 1641398400),
(31378, 866, 867, 'A', 0, 1641398400),
(31379, 867, 868, 'A', 0, 1641398400),
(31380, 868, 869, 'A', 0, 1641398400),
(31381, 869, 870, 'A', 0, 1641398400),
(31382, 870, 871, 'A', 0, 1641398400),
(31383, 871, 872, 'A', 0, 1641398400),
(31384, 872, 873, 'A', 0, 1641398400),
(31385, 873, 874, 'A', 0, 1641398400),
(31386, 874, 875, 'A', 0, 1641398400),
(31387, 875, 876, 'A', 0, 1641398400),
(31388, 876, 877, 'A', 0, 1641398400),
(31389, 877, 878, 'A', 0, 1641398400),
(31390, 878, 879, 'A', 0, 1641398400),
(31391, 879, 880, 'A', 0, 1641398400),
(31392, 880, 881, 'A', 0, 1641398400),
(31393, 881, 882, 'A', 0, 1641398400),
(31394, 882, 883, 'A', 0, 1641398400),
(31395, 882, 884, 'A', 0, 1641398400),
(31396, 882, 885, 'A', 0, 1641398400),
(31397, 882, 886, 'B', 0, 1641398400),
(31398, 882, 887, 'B', 0, 1641398400),
(31399, 882, 888, 'B', 0, 1641398400),
(31400, 60, 849, 'A', 0, 1641398400),
(31401, 849, 850, 'A', 0, 1641398400),
(31402, 850, 851, 'A', 0, 1641398400),
(31403, 851, 852, 'A', 0, 1641398400),
(31404, 852, 853, 'A', 0, 1641398400),
(31405, 853, 854, 'A', 0, 1641398400),
(31406, 854, 855, 'A', 0, 1641398400),
(31407, 855, 856, 'A', 0, 1641398400),
(31408, 856, 857, 'A', 0, 1641398400),
(31409, 857, 858, 'A', 0, 1641398400),
(31410, 858, 859, 'A', 0, 1641398400),
(31411, 859, 860, 'A', 0, 1641398400),
(31412, 860, 861, 'A', 0, 1641398400),
(31413, 861, 862, 'A', 0, 1641398400),
(31414, 862, 863, 'A', 0, 1641398400),
(31415, 863, 864, 'A', 0, 1641398400),
(31416, 864, 865, 'A', 0, 1641398400),
(31417, 865, 866, 'A', 0, 1641398400),
(31418, 866, 867, 'A', 0, 1641398400),
(31419, 867, 868, 'A', 0, 1641398400),
(31420, 868, 869, 'A', 0, 1641398400),
(31421, 869, 870, 'A', 0, 1641398400),
(31422, 870, 871, 'A', 0, 1641398400),
(31423, 871, 872, 'A', 0, 1641398400),
(31424, 872, 873, 'A', 0, 1641398400),
(31425, 873, 874, 'A', 0, 1641398400),
(31426, 874, 875, 'A', 0, 1641398400),
(31427, 875, 876, 'A', 0, 1641398400),
(31428, 876, 877, 'A', 0, 1641398400),
(31429, 877, 878, 'A', 0, 1641398400),
(31430, 878, 879, 'A', 0, 1641398400),
(31431, 879, 880, 'A', 0, 1641398400),
(31432, 880, 881, 'A', 0, 1641398400),
(31433, 881, 882, 'A', 0, 1641398400),
(31434, 882, 883, 'A', 0, 1641398400),
(31435, 882, 884, 'A', 0, 1641398400),
(31436, 882, 885, 'A', 0, 1641398400),
(31437, 882, 886, 'B', 0, 1641398400),
(31438, 882, 887, 'B', 0, 1641398400),
(31439, 882, 888, 'B', 0, 1641398400),
(31440, 60, 849, 'A', 0, 1641484800),
(31441, 849, 850, 'A', 0, 1641484800),
(31442, 850, 851, 'A', 0, 1641484800),
(31443, 851, 852, 'A', 0, 1641484800),
(31444, 852, 853, 'A', 0, 1641484800),
(31445, 853, 854, 'A', 0, 1641484800),
(31446, 854, 855, 'A', 0, 1641484800),
(31447, 855, 856, 'A', 0, 1641484800),
(31448, 856, 857, 'A', 0, 1641484800),
(31449, 857, 858, 'A', 0, 1641484800),
(31450, 858, 859, 'A', 0, 1641484800),
(31451, 859, 860, 'A', 0, 1641484800),
(31452, 860, 861, 'A', 0, 1641484800),
(31453, 861, 862, 'A', 0, 1641484800),
(31454, 862, 863, 'A', 0, 1641484800),
(31455, 863, 864, 'A', 0, 1641484800),
(31456, 864, 865, 'A', 0, 1641484800),
(31457, 865, 866, 'A', 0, 1641484800),
(31458, 866, 867, 'A', 0, 1641484800),
(31459, 867, 868, 'A', 0, 1641484800),
(31460, 868, 869, 'A', 0, 1641484800),
(31461, 869, 870, 'A', 0, 1641484800),
(31462, 870, 871, 'A', 0, 1641484800),
(31463, 871, 872, 'A', 0, 1641484800),
(31464, 872, 873, 'A', 0, 1641484800),
(31465, 873, 874, 'A', 0, 1641484800),
(31466, 874, 875, 'A', 0, 1641484800),
(31467, 875, 876, 'A', 0, 1641484800),
(31468, 876, 877, 'A', 0, 1641484800),
(31469, 877, 878, 'A', 0, 1641484800),
(31470, 878, 879, 'A', 0, 1641484800),
(31471, 879, 880, 'A', 0, 1641484800),
(31472, 880, 881, 'A', 0, 1641484800),
(31473, 881, 882, 'A', 0, 1641484800),
(31474, 882, 883, 'A', 0, 1641484800),
(31475, 882, 884, 'A', 0, 1641484800),
(31476, 882, 885, 'A', 0, 1641484800),
(31477, 882, 886, 'B', 0, 1641484800),
(31478, 882, 887, 'B', 0, 1641484800),
(31479, 882, 888, 'B', 0, 1641484800),
(31480, 60, 849, 'A', 0, 1641484800),
(31481, 849, 850, 'A', 0, 1641484800),
(31482, 850, 851, 'A', 0, 1641484800),
(31483, 851, 852, 'A', 0, 1641484800),
(31484, 852, 853, 'A', 0, 1641484800),
(31485, 853, 854, 'A', 0, 1641484800),
(31486, 854, 855, 'A', 0, 1641484800),
(31487, 855, 856, 'A', 0, 1641484800),
(31488, 856, 857, 'A', 0, 1641484800),
(31489, 857, 858, 'A', 0, 1641484800),
(31490, 858, 859, 'A', 0, 1641484800),
(31491, 859, 860, 'A', 0, 1641484800),
(31492, 860, 861, 'A', 0, 1641484800),
(31493, 861, 862, 'A', 0, 1641484800),
(31494, 862, 863, 'A', 0, 1641484800),
(31495, 863, 864, 'A', 0, 1641484800),
(31496, 864, 865, 'A', 0, 1641484800),
(31497, 865, 866, 'A', 0, 1641484800),
(31498, 866, 867, 'A', 0, 1641484800),
(31499, 867, 868, 'A', 0, 1641484800),
(31500, 868, 869, 'A', 0, 1641484800),
(31501, 869, 870, 'A', 0, 1641484800),
(31502, 870, 871, 'A', 0, 1641484800),
(31503, 871, 872, 'A', 0, 1641484800),
(31504, 872, 873, 'A', 0, 1641484800),
(31505, 873, 874, 'A', 0, 1641484800),
(31506, 874, 875, 'A', 0, 1641484800),
(31507, 875, 876, 'A', 0, 1641484800),
(31508, 876, 877, 'A', 0, 1641484800),
(31509, 877, 878, 'A', 0, 1641484800),
(31510, 878, 879, 'A', 0, 1641484800),
(31511, 879, 880, 'A', 0, 1641484800),
(31512, 880, 881, 'A', 0, 1641484800),
(31513, 881, 882, 'A', 0, 1641484800),
(31514, 882, 883, 'A', 0, 1641484800),
(31515, 882, 884, 'A', 0, 1641484800),
(31516, 882, 885, 'A', 0, 1641484800),
(31517, 882, 886, 'B', 0, 1641484800),
(31518, 882, 887, 'B', 0, 1641484800),
(31519, 882, 888, 'B', 0, 1641484800),
(31520, 60, 849, 'A', 0, 1641571200),
(31521, 849, 850, 'A', 0, 1641571200),
(31522, 850, 851, 'A', 0, 1641571200),
(31523, 851, 852, 'A', 0, 1641571200),
(31524, 852, 853, 'A', 0, 1641571200),
(31525, 853, 854, 'A', 0, 1641571200),
(31526, 854, 855, 'A', 0, 1641571200),
(31527, 855, 856, 'A', 0, 1641571200),
(31528, 856, 857, 'A', 0, 1641571200),
(31529, 857, 858, 'A', 0, 1641571200),
(31530, 858, 859, 'A', 0, 1641571200),
(31531, 859, 860, 'A', 0, 1641571200),
(31532, 860, 861, 'A', 0, 1641571200),
(31533, 861, 862, 'A', 0, 1641571200),
(31534, 862, 863, 'A', 0, 1641571200),
(31535, 863, 864, 'A', 0, 1641571200),
(31536, 864, 865, 'A', 0, 1641571200),
(31537, 865, 866, 'A', 0, 1641571200),
(31538, 866, 867, 'A', 0, 1641571200),
(31539, 867, 868, 'A', 0, 1641571200),
(31540, 868, 869, 'A', 0, 1641571200),
(31541, 869, 870, 'A', 0, 1641571200),
(31542, 870, 871, 'A', 0, 1641571200),
(31543, 871, 872, 'A', 0, 1641571200),
(31544, 872, 873, 'A', 0, 1641571200),
(31545, 873, 874, 'A', 0, 1641571200),
(31546, 874, 875, 'A', 0, 1641571200),
(31547, 875, 876, 'A', 0, 1641571200),
(31548, 876, 877, 'A', 0, 1641571200),
(31549, 877, 878, 'A', 0, 1641571200),
(31550, 878, 879, 'A', 0, 1641571200),
(31551, 879, 880, 'A', 0, 1641571200),
(31552, 880, 881, 'A', 0, 1641571200),
(31553, 881, 882, 'A', 0, 1641571200),
(31554, 882, 883, 'A', 0, 1641571200),
(31555, 882, 884, 'A', 0, 1641571200),
(31556, 882, 885, 'A', 0, 1641571200),
(31557, 882, 886, 'B', 0, 1641571200),
(31558, 882, 887, 'B', 0, 1641571200),
(31559, 882, 888, 'B', 0, 1641571200),
(31560, 60, 849, 'A', 0, 1641657600),
(31561, 849, 850, 'A', 0, 1641657600),
(31562, 850, 851, 'A', 0, 1641657600),
(31563, 851, 852, 'A', 0, 1641657600),
(31564, 852, 853, 'A', 0, 1641657600),
(31565, 853, 854, 'A', 0, 1641657600),
(31566, 854, 855, 'A', 0, 1641657600),
(31567, 855, 856, 'A', 0, 1641657600),
(31568, 856, 857, 'A', 0, 1641657600),
(31569, 857, 858, 'A', 0, 1641657600),
(31570, 858, 859, 'A', 0, 1641657600),
(31571, 859, 860, 'A', 0, 1641657600),
(31572, 860, 861, 'A', 0, 1641657600),
(31573, 861, 862, 'A', 0, 1641657600),
(31574, 862, 863, 'A', 0, 1641657600),
(31575, 863, 864, 'A', 0, 1641657600),
(31576, 864, 865, 'A', 0, 1641657600),
(31577, 865, 866, 'A', 0, 1641657600),
(31578, 866, 867, 'A', 0, 1641657600),
(31579, 867, 868, 'A', 0, 1641657600),
(31580, 868, 869, 'A', 0, 1641657600),
(31581, 869, 870, 'A', 0, 1641657600),
(31582, 870, 871, 'A', 0, 1641657600),
(31583, 871, 872, 'A', 0, 1641657600),
(31584, 872, 873, 'A', 0, 1641657600),
(31585, 873, 874, 'A', 0, 1641657600),
(31586, 874, 875, 'A', 0, 1641657600),
(31587, 875, 876, 'A', 0, 1641657600),
(31588, 876, 877, 'A', 0, 1641657600),
(31589, 877, 878, 'A', 0, 1641657600),
(31590, 878, 879, 'A', 0, 1641657600),
(31591, 879, 880, 'A', 0, 1641657600),
(31592, 880, 881, 'A', 0, 1641657600),
(31593, 881, 882, 'A', 0, 1641657600),
(31594, 882, 883, 'A', 0, 1641657600),
(31595, 882, 884, 'A', 0, 1641657600),
(31596, 882, 885, 'A', 0, 1641657600),
(31597, 882, 886, 'B', 0, 1641657600),
(31598, 882, 887, 'B', 0, 1641657600),
(31599, 882, 888, 'B', 0, 1641657600),
(31600, 60, 849, 'A', 0, 1641657600),
(31601, 849, 850, 'A', 0, 1641657600),
(31602, 850, 851, 'A', 0, 1641657600),
(31603, 851, 852, 'A', 0, 1641657600),
(31604, 852, 853, 'A', 0, 1641657600),
(31605, 853, 854, 'A', 0, 1641657600),
(31606, 854, 855, 'A', 0, 1641657600),
(31607, 855, 856, 'A', 0, 1641657600),
(31608, 856, 857, 'A', 0, 1641657600),
(31609, 857, 858, 'A', 0, 1641657600),
(31610, 858, 859, 'A', 0, 1641657600),
(31611, 859, 860, 'A', 0, 1641657600),
(31612, 860, 861, 'A', 0, 1641657600),
(31613, 861, 862, 'A', 0, 1641657600),
(31614, 862, 863, 'A', 0, 1641657600),
(31615, 863, 864, 'A', 0, 1641657600),
(31616, 864, 865, 'A', 0, 1641657600),
(31617, 865, 866, 'A', 0, 1641657600),
(31618, 866, 867, 'A', 0, 1641657600),
(31619, 867, 868, 'A', 0, 1641657600),
(31620, 868, 869, 'A', 0, 1641657600),
(31621, 869, 870, 'A', 0, 1641657600),
(31622, 870, 871, 'A', 0, 1641657600),
(31623, 871, 872, 'A', 0, 1641657600),
(31624, 872, 873, 'A', 0, 1641657600),
(31625, 873, 874, 'A', 0, 1641657600),
(31626, 874, 875, 'A', 0, 1641657600),
(31627, 875, 876, 'A', 0, 1641657600),
(31628, 876, 877, 'A', 0, 1641657600),
(31629, 877, 878, 'A', 0, 1641657600),
(31630, 878, 879, 'A', 0, 1641657600),
(31631, 879, 880, 'A', 0, 1641657600),
(31632, 880, 881, 'A', 0, 1641657600),
(31633, 881, 882, 'A', 0, 1641657600),
(31634, 882, 883, 'A', 0, 1641657600),
(31635, 882, 884, 'A', 0, 1641657600),
(31636, 882, 885, 'A', 0, 1641657600),
(31637, 882, 886, 'B', 0, 1641657600),
(31638, 882, 887, 'B', 0, 1641657600),
(31639, 882, 888, 'B', 0, 1641657600),
(31640, 60, 849, 'A', 0, 1641744000),
(31641, 849, 850, 'A', 0, 1641744000),
(31642, 850, 851, 'A', 0, 1641744000),
(31643, 851, 852, 'A', 0, 1641744000),
(31644, 852, 853, 'A', 0, 1641744000),
(31645, 853, 854, 'A', 0, 1641744000),
(31646, 854, 855, 'A', 0, 1641744000),
(31647, 855, 856, 'A', 0, 1641744000),
(31648, 856, 857, 'A', 0, 1641744000),
(31649, 857, 858, 'A', 0, 1641744000),
(31650, 858, 859, 'A', 0, 1641744000),
(31651, 859, 860, 'A', 0, 1641744000),
(31652, 860, 861, 'A', 0, 1641744000),
(31653, 861, 862, 'A', 0, 1641744000),
(31654, 862, 863, 'A', 0, 1641744000),
(31655, 863, 864, 'A', 0, 1641744000),
(31656, 864, 865, 'A', 0, 1641744000),
(31657, 865, 866, 'A', 0, 1641744000),
(31658, 866, 867, 'A', 0, 1641744000),
(31659, 867, 868, 'A', 0, 1641744000),
(31660, 868, 869, 'A', 0, 1641744000),
(31661, 869, 870, 'A', 0, 1641744000),
(31662, 870, 871, 'A', 0, 1641744000),
(31663, 871, 872, 'A', 0, 1641744000),
(31664, 872, 873, 'A', 0, 1641744000),
(31665, 873, 874, 'A', 0, 1641744000),
(31666, 874, 875, 'A', 0, 1641744000),
(31667, 875, 876, 'A', 0, 1641744000),
(31668, 876, 877, 'A', 0, 1641744000),
(31669, 877, 878, 'A', 0, 1641744000),
(31670, 878, 879, 'A', 0, 1641744000),
(31671, 879, 880, 'A', 0, 1641744000),
(31672, 880, 881, 'A', 0, 1641744000),
(31673, 881, 882, 'A', 0, 1641744000),
(31674, 882, 883, 'A', 0, 1641744000),
(31675, 882, 884, 'A', 0, 1641744000),
(31676, 882, 885, 'A', 0, 1641744000),
(31677, 882, 886, 'B', 0, 1641744000),
(31678, 882, 887, 'B', 0, 1641744000),
(31679, 882, 888, 'B', 0, 1641744000),
(31680, 60, 849, 'A', 0, 1641744000),
(31681, 849, 850, 'A', 0, 1641744000),
(31682, 850, 851, 'A', 0, 1641744000),
(31683, 851, 852, 'A', 0, 1641744000),
(31684, 852, 853, 'A', 0, 1641744000),
(31685, 853, 854, 'A', 0, 1641744000),
(31686, 854, 855, 'A', 0, 1641744000),
(31687, 855, 856, 'A', 0, 1641744000),
(31688, 856, 857, 'A', 0, 1641744000),
(31689, 857, 858, 'A', 0, 1641744000),
(31690, 858, 859, 'A', 0, 1641744000),
(31691, 859, 860, 'A', 0, 1641744000),
(31692, 860, 861, 'A', 0, 1641744000),
(31693, 861, 862, 'A', 0, 1641744000),
(31694, 862, 863, 'A', 0, 1641744000),
(31695, 863, 864, 'A', 0, 1641744000),
(31696, 864, 865, 'A', 0, 1641744000),
(31697, 865, 866, 'A', 0, 1641744000),
(31698, 866, 867, 'A', 0, 1641744000),
(31699, 867, 868, 'A', 0, 1641744000),
(31700, 868, 869, 'A', 0, 1641744000),
(31701, 869, 870, 'A', 0, 1641744000),
(31702, 870, 871, 'A', 0, 1641744000),
(31703, 871, 872, 'A', 0, 1641744000),
(31704, 872, 873, 'A', 0, 1641744000),
(31705, 873, 874, 'A', 0, 1641744000),
(31706, 874, 875, 'A', 0, 1641744000),
(31707, 875, 876, 'A', 0, 1641744000),
(31708, 876, 877, 'A', 0, 1641744000),
(31709, 877, 878, 'A', 0, 1641744000),
(31710, 878, 879, 'A', 0, 1641744000),
(31711, 879, 880, 'A', 0, 1641744000),
(31712, 880, 881, 'A', 0, 1641744000),
(31713, 881, 882, 'A', 0, 1641744000),
(31714, 882, 883, 'A', 0, 1641744000),
(31715, 882, 884, 'A', 0, 1641744000),
(31716, 882, 885, 'A', 0, 1641744000),
(31717, 882, 886, 'B', 0, 1641744000),
(31718, 882, 887, 'B', 0, 1641744000),
(31719, 882, 888, 'B', 0, 1641744000),
(31720, 60, 849, 'A', 0, 1641830400),
(31721, 849, 850, 'A', 0, 1641830400),
(31722, 850, 851, 'A', 0, 1641830400),
(31723, 851, 852, 'A', 0, 1641830400),
(31724, 852, 853, 'A', 0, 1641830400),
(31725, 853, 854, 'A', 0, 1641830400),
(31726, 854, 855, 'A', 0, 1641830400),
(31727, 855, 856, 'A', 0, 1641830400),
(31728, 856, 857, 'A', 0, 1641830400),
(31729, 857, 858, 'A', 0, 1641830400),
(31730, 858, 859, 'A', 0, 1641830400),
(31731, 859, 860, 'A', 0, 1641830400),
(31732, 860, 861, 'A', 0, 1641830400),
(31733, 861, 862, 'A', 0, 1641830400),
(31734, 862, 863, 'A', 0, 1641830400),
(31735, 863, 864, 'A', 0, 1641830400),
(31736, 864, 865, 'A', 0, 1641830400),
(31737, 865, 866, 'A', 0, 1641830400),
(31738, 866, 867, 'A', 0, 1641830400),
(31739, 867, 868, 'A', 0, 1641830400),
(31740, 868, 869, 'A', 0, 1641830400),
(31741, 869, 870, 'A', 0, 1641830400),
(31742, 870, 871, 'A', 0, 1641830400),
(31743, 871, 872, 'A', 0, 1641830400),
(31744, 872, 873, 'A', 0, 1641830400),
(31745, 873, 874, 'A', 0, 1641830400),
(31746, 874, 875, 'A', 0, 1641830400),
(31747, 875, 876, 'A', 0, 1641830400),
(31748, 876, 877, 'A', 0, 1641830400),
(31749, 877, 878, 'A', 0, 1641830400),
(31750, 878, 879, 'A', 0, 1641830400),
(31751, 879, 880, 'A', 0, 1641830400),
(31752, 880, 881, 'A', 0, 1641830400),
(31753, 881, 882, 'A', 0, 1641830400),
(31754, 882, 883, 'A', 0, 1641830400),
(31755, 882, 884, 'A', 0, 1641830400),
(31756, 882, 885, 'A', 0, 1641830400),
(31757, 882, 886, 'B', 0, 1641830400),
(31758, 882, 887, 'B', 0, 1641830400),
(31759, 882, 888, 'B', 0, 1641830400),
(31760, 60, 849, 'A', 0, 1641830400),
(31761, 849, 850, 'A', 0, 1641830400),
(31762, 850, 851, 'A', 0, 1641830400),
(31763, 851, 852, 'A', 0, 1641830400),
(31764, 852, 853, 'A', 0, 1641830400),
(31765, 853, 854, 'A', 0, 1641830400),
(31766, 854, 855, 'A', 0, 1641830400),
(31767, 855, 856, 'A', 0, 1641830400),
(31768, 856, 857, 'A', 0, 1641830400),
(31769, 857, 858, 'A', 0, 1641830400),
(31770, 858, 859, 'A', 0, 1641830400),
(31771, 859, 860, 'A', 0, 1641830400),
(31772, 860, 861, 'A', 0, 1641830400),
(31773, 861, 862, 'A', 0, 1641830400),
(31774, 862, 863, 'A', 0, 1641830400),
(31775, 863, 864, 'A', 0, 1641830400),
(31776, 864, 865, 'A', 0, 1641830400),
(31777, 865, 866, 'A', 0, 1641830400),
(31778, 866, 867, 'A', 0, 1641830400),
(31779, 867, 868, 'A', 0, 1641830400),
(31780, 868, 869, 'A', 0, 1641830400),
(31781, 869, 870, 'A', 0, 1641830400),
(31782, 870, 871, 'A', 0, 1641830400),
(31783, 871, 872, 'A', 0, 1641830400),
(31784, 872, 873, 'A', 0, 1641830400),
(31785, 873, 874, 'A', 0, 1641830400),
(31786, 874, 875, 'A', 0, 1641830400),
(31787, 875, 876, 'A', 0, 1641830400),
(31788, 876, 877, 'A', 0, 1641830400),
(31789, 877, 878, 'A', 0, 1641830400),
(31790, 878, 879, 'A', 0, 1641830400),
(31791, 879, 880, 'A', 0, 1641830400),
(31792, 880, 881, 'A', 0, 1641830400),
(31793, 881, 882, 'A', 0, 1641830400),
(31794, 882, 883, 'A', 0, 1641830400),
(31795, 882, 884, 'A', 0, 1641830400),
(31796, 882, 885, 'A', 0, 1641830400),
(31797, 882, 886, 'B', 0, 1641830400),
(31798, 882, 887, 'B', 0, 1641830400),
(31799, 882, 888, 'B', 0, 1641830400),
(31800, 60, 849, 'A', 0, 1641916800),
(31801, 849, 850, 'A', 0, 1641916800),
(31802, 850, 851, 'A', 0, 1641916800),
(31803, 851, 852, 'A', 0, 1641916800),
(31804, 852, 853, 'A', 0, 1641916800),
(31805, 853, 854, 'A', 0, 1641916800),
(31806, 854, 855, 'A', 0, 1641916800),
(31807, 855, 856, 'A', 0, 1641916800),
(31808, 856, 857, 'A', 0, 1641916800),
(31809, 857, 858, 'A', 0, 1641916800),
(31810, 858, 859, 'A', 0, 1641916800),
(31811, 859, 860, 'A', 0, 1641916800),
(31812, 860, 861, 'A', 0, 1641916800),
(31813, 861, 862, 'A', 0, 1641916800),
(31814, 862, 863, 'A', 0, 1641916800),
(31815, 863, 864, 'A', 0, 1641916800),
(31816, 864, 865, 'A', 0, 1641916800),
(31817, 865, 866, 'A', 0, 1641916800),
(31818, 866, 867, 'A', 0, 1641916800),
(31819, 867, 868, 'A', 0, 1641916800),
(31820, 868, 869, 'A', 0, 1641916800),
(31821, 869, 870, 'A', 0, 1641916800),
(31822, 870, 871, 'A', 0, 1641916800),
(31823, 871, 872, 'A', 0, 1641916800),
(31824, 872, 873, 'A', 0, 1641916800),
(31825, 873, 874, 'A', 0, 1641916800),
(31826, 874, 875, 'A', 0, 1641916800),
(31827, 875, 876, 'A', 0, 1641916800),
(31828, 876, 877, 'A', 0, 1641916800),
(31829, 877, 878, 'A', 0, 1641916800),
(31830, 878, 879, 'A', 0, 1641916800),
(31831, 879, 880, 'A', 0, 1641916800),
(31832, 880, 881, 'A', 0, 1641916800),
(31833, 881, 882, 'A', 0, 1641916800),
(31834, 882, 883, 'A', 0, 1641916800),
(31835, 882, 884, 'A', 0, 1641916800),
(31836, 882, 885, 'A', 0, 1641916800),
(31837, 882, 886, 'B', 0, 1641916800),
(31838, 882, 887, 'B', 0, 1641916800),
(31839, 882, 888, 'B', 0, 1641916800),
(31840, 60, 849, 'A', 0, 1641916800),
(31841, 849, 850, 'A', 0, 1641916800),
(31842, 850, 851, 'A', 0, 1641916800),
(31843, 851, 852, 'A', 0, 1641916800),
(31844, 852, 853, 'A', 0, 1641916800),
(31845, 853, 854, 'A', 0, 1641916800),
(31846, 854, 855, 'A', 0, 1641916800),
(31847, 855, 856, 'A', 0, 1641916800),
(31848, 856, 857, 'A', 0, 1641916800),
(31849, 857, 858, 'A', 0, 1641916800),
(31850, 858, 859, 'A', 0, 1641916800),
(31851, 859, 860, 'A', 0, 1641916800),
(31852, 860, 861, 'A', 0, 1641916800),
(31853, 861, 862, 'A', 0, 1641916800),
(31854, 862, 863, 'A', 0, 1641916800),
(31855, 863, 864, 'A', 0, 1641916800),
(31856, 864, 865, 'A', 0, 1641916800),
(31857, 865, 866, 'A', 0, 1641916800),
(31858, 866, 867, 'A', 0, 1641916800),
(31859, 867, 868, 'A', 0, 1641916800),
(31860, 868, 869, 'A', 0, 1641916800),
(31861, 869, 870, 'A', 0, 1641916800),
(31862, 870, 871, 'A', 0, 1641916800),
(31863, 871, 872, 'A', 0, 1641916800),
(31864, 872, 873, 'A', 0, 1641916800),
(31865, 873, 874, 'A', 0, 1641916800),
(31866, 874, 875, 'A', 0, 1641916800),
(31867, 875, 876, 'A', 0, 1641916800),
(31868, 876, 877, 'A', 0, 1641916800),
(31869, 877, 878, 'A', 0, 1641916800),
(31870, 878, 879, 'A', 0, 1641916800),
(31871, 879, 880, 'A', 0, 1641916800),
(31872, 880, 881, 'A', 0, 1641916800),
(31873, 881, 882, 'A', 0, 1641916800),
(31874, 882, 883, 'A', 0, 1641916800),
(31875, 882, 884, 'A', 0, 1641916800),
(31876, 882, 885, 'A', 0, 1641916800),
(31877, 882, 886, 'B', 0, 1641916800),
(31878, 882, 887, 'B', 0, 1641916800),
(31879, 882, 888, 'B', 0, 1641916800),
(31880, 60, 849, 'A', 0, 1642003200),
(31881, 849, 850, 'A', 0, 1642003200),
(31882, 850, 851, 'A', 0, 1642003200),
(31883, 851, 852, 'A', 0, 1642003200),
(31884, 852, 853, 'A', 0, 1642003200),
(31885, 853, 854, 'A', 0, 1642003200),
(31886, 854, 855, 'A', 0, 1642003200),
(31887, 855, 856, 'A', 0, 1642003200),
(31888, 856, 857, 'A', 0, 1642003200),
(31889, 857, 858, 'A', 0, 1642003200),
(31890, 858, 859, 'A', 0, 1642003200),
(31891, 859, 860, 'A', 0, 1642003200),
(31892, 860, 861, 'A', 0, 1642003200),
(31893, 861, 862, 'A', 0, 1642003200),
(31894, 862, 863, 'A', 0, 1642003200),
(31895, 863, 864, 'A', 0, 1642003200),
(31896, 864, 865, 'A', 0, 1642003200),
(31897, 865, 866, 'A', 0, 1642003200),
(31898, 866, 867, 'A', 0, 1642003200),
(31899, 867, 868, 'A', 0, 1642003200),
(31900, 868, 869, 'A', 0, 1642003200),
(31901, 869, 870, 'A', 0, 1642003200),
(31902, 870, 871, 'A', 0, 1642003200),
(31903, 871, 872, 'A', 0, 1642003200),
(31904, 872, 873, 'A', 0, 1642003200),
(31905, 873, 874, 'A', 0, 1642003200),
(31906, 874, 875, 'A', 0, 1642003200),
(31907, 875, 876, 'A', 0, 1642003200),
(31908, 876, 877, 'A', 0, 1642003200),
(31909, 877, 878, 'A', 0, 1642003200),
(31910, 878, 879, 'A', 0, 1642003200),
(31911, 879, 880, 'A', 0, 1642003200),
(31912, 880, 881, 'A', 0, 1642003200),
(31913, 881, 882, 'A', 0, 1642003200),
(31914, 882, 883, 'A', 0, 1642003200),
(31915, 882, 884, 'A', 0, 1642003200),
(31916, 882, 885, 'A', 0, 1642003200),
(31917, 882, 886, 'B', 0, 1642003200),
(31918, 882, 887, 'B', 0, 1642003200),
(31919, 882, 888, 'B', 0, 1642003200),
(31920, 60, 849, 'A', 0, 1642003200),
(31921, 849, 850, 'A', 0, 1642003200),
(31922, 850, 851, 'A', 0, 1642003200),
(31923, 851, 852, 'A', 0, 1642003200),
(31924, 852, 853, 'A', 0, 1642003200),
(31925, 853, 854, 'A', 0, 1642003200),
(31926, 854, 855, 'A', 0, 1642003200),
(31927, 855, 856, 'A', 0, 1642003200),
(31928, 856, 857, 'A', 0, 1642003200),
(31929, 857, 858, 'A', 0, 1642003200),
(31930, 858, 859, 'A', 0, 1642003200),
(31931, 859, 860, 'A', 0, 1642003200),
(31932, 860, 861, 'A', 0, 1642003200),
(31933, 861, 862, 'A', 0, 1642003200),
(31934, 862, 863, 'A', 0, 1642003200),
(31935, 863, 864, 'A', 0, 1642003200),
(31936, 864, 865, 'A', 0, 1642003200),
(31937, 865, 866, 'A', 0, 1642003200),
(31938, 866, 867, 'A', 0, 1642003200),
(31939, 867, 868, 'A', 0, 1642003200),
(31940, 868, 869, 'A', 0, 1642003200),
(31941, 869, 870, 'A', 0, 1642003200),
(31942, 870, 871, 'A', 0, 1642003200),
(31943, 871, 872, 'A', 0, 1642003200),
(31944, 872, 873, 'A', 0, 1642003200),
(31945, 873, 874, 'A', 0, 1642003200),
(31946, 874, 875, 'A', 0, 1642003200),
(31947, 875, 876, 'A', 0, 1642003200),
(31948, 876, 877, 'A', 0, 1642003200),
(31949, 877, 878, 'A', 0, 1642003200),
(31950, 878, 879, 'A', 0, 1642003200),
(31951, 879, 880, 'A', 0, 1642003200),
(31952, 880, 881, 'A', 0, 1642003200),
(31953, 881, 882, 'A', 0, 1642003200),
(31954, 882, 883, 'A', 0, 1642003200),
(31955, 882, 884, 'A', 0, 1642003200),
(31956, 882, 885, 'A', 0, 1642003200),
(31957, 882, 886, 'B', 0, 1642003200),
(31958, 882, 887, 'B', 0, 1642003200),
(31959, 882, 888, 'B', 0, 1642003200),
(31960, 60, 849, 'A', 0, 1642089600),
(31961, 849, 850, 'A', 0, 1642089600),
(31962, 850, 851, 'A', 0, 1642089600),
(31963, 851, 852, 'A', 0, 1642089600),
(31964, 852, 853, 'A', 0, 1642089600),
(31965, 853, 854, 'A', 0, 1642089600),
(31966, 854, 855, 'A', 0, 1642089600),
(31967, 855, 856, 'A', 0, 1642089600),
(31968, 856, 857, 'A', 0, 1642089600),
(31969, 857, 858, 'A', 0, 1642089600),
(31970, 858, 859, 'A', 0, 1642089600),
(31971, 859, 860, 'A', 0, 1642089600),
(31972, 860, 861, 'A', 0, 1642089600),
(31973, 861, 862, 'A', 0, 1642089600),
(31974, 862, 863, 'A', 0, 1642089600),
(31975, 863, 864, 'A', 0, 1642089600),
(31976, 864, 865, 'A', 0, 1642089600),
(31977, 865, 866, 'A', 0, 1642089600),
(31978, 866, 867, 'A', 0, 1642089600),
(31979, 867, 868, 'A', 0, 1642089600),
(31980, 868, 869, 'A', 0, 1642089600),
(31981, 869, 870, 'A', 0, 1642089600),
(31982, 870, 871, 'A', 0, 1642089600),
(31983, 871, 872, 'A', 0, 1642089600),
(31984, 872, 873, 'A', 0, 1642089600),
(31985, 873, 874, 'A', 0, 1642089600),
(31986, 874, 875, 'A', 0, 1642089600),
(31987, 875, 876, 'A', 0, 1642089600),
(31988, 876, 877, 'A', 0, 1642089600),
(31989, 877, 878, 'A', 0, 1642089600),
(31990, 878, 879, 'A', 0, 1642089600),
(31991, 879, 880, 'A', 0, 1642089600),
(31992, 880, 881, 'A', 0, 1642089600),
(31993, 881, 882, 'A', 0, 1642089600),
(31994, 882, 883, 'A', 0, 1642089600),
(31995, 882, 884, 'A', 0, 1642089600),
(31996, 882, 885, 'A', 0, 1642089600),
(31997, 882, 886, 'B', 0, 1642089600),
(31998, 882, 887, 'B', 0, 1642089600),
(31999, 882, 888, 'B', 0, 1642089600),
(32000, 60, 849, 'A', 0, 1642089600),
(32001, 849, 850, 'A', 0, 1642089600),
(32002, 850, 851, 'A', 0, 1642089600),
(32003, 851, 852, 'A', 0, 1642089600),
(32004, 852, 853, 'A', 0, 1642089600),
(32005, 853, 854, 'A', 0, 1642089600),
(32006, 854, 855, 'A', 0, 1642089600),
(32007, 855, 856, 'A', 0, 1642089600),
(32008, 856, 857, 'A', 0, 1642089600),
(32009, 857, 858, 'A', 0, 1642089600),
(32010, 858, 859, 'A', 0, 1642089600),
(32011, 859, 860, 'A', 0, 1642089600),
(32012, 860, 861, 'A', 0, 1642089600),
(32013, 861, 862, 'A', 0, 1642089600),
(32014, 862, 863, 'A', 0, 1642089600),
(32015, 863, 864, 'A', 0, 1642089600),
(32016, 864, 865, 'A', 0, 1642089600),
(32017, 865, 866, 'A', 0, 1642089600),
(32018, 866, 867, 'A', 0, 1642089600),
(32019, 867, 868, 'A', 0, 1642089600),
(32020, 868, 869, 'A', 0, 1642089600),
(32021, 869, 870, 'A', 0, 1642089600),
(32022, 870, 871, 'A', 0, 1642089600),
(32023, 871, 872, 'A', 0, 1642089600),
(32024, 872, 873, 'A', 0, 1642089600),
(32025, 873, 874, 'A', 0, 1642089600),
(32026, 874, 875, 'A', 0, 1642089600),
(32027, 875, 876, 'A', 0, 1642089600),
(32028, 876, 877, 'A', 0, 1642089600),
(32029, 877, 878, 'A', 0, 1642089600),
(32030, 878, 879, 'A', 0, 1642089600),
(32031, 879, 880, 'A', 0, 1642089600),
(32032, 880, 881, 'A', 0, 1642089600),
(32033, 881, 882, 'A', 0, 1642089600),
(32034, 882, 883, 'A', 0, 1642089600),
(32035, 882, 884, 'A', 0, 1642089600),
(32036, 882, 885, 'A', 0, 1642089600),
(32037, 882, 886, 'B', 0, 1642089600),
(32038, 882, 887, 'B', 0, 1642089600),
(32039, 882, 888, 'B', 0, 1642089600),
(32040, 60, 849, 'A', 0, 1642176000),
(32041, 849, 850, 'A', 0, 1642176000),
(32042, 850, 851, 'A', 0, 1642176000),
(32043, 851, 852, 'A', 0, 1642176000),
(32044, 852, 853, 'A', 0, 1642176000),
(32045, 853, 854, 'A', 0, 1642176000),
(32046, 854, 855, 'A', 0, 1642176000),
(32047, 855, 856, 'A', 0, 1642176000),
(32048, 856, 857, 'A', 0, 1642176000),
(32049, 857, 858, 'A', 0, 1642176000),
(32050, 858, 859, 'A', 0, 1642176000),
(32051, 859, 860, 'A', 0, 1642176000),
(32052, 860, 861, 'A', 0, 1642176000),
(32053, 861, 862, 'A', 0, 1642176000),
(32054, 862, 863, 'A', 0, 1642176000),
(32055, 863, 864, 'A', 0, 1642176000),
(32056, 864, 865, 'A', 0, 1642176000),
(32057, 865, 866, 'A', 0, 1642176000),
(32058, 866, 867, 'A', 0, 1642176000),
(32059, 867, 868, 'A', 0, 1642176000),
(32060, 868, 869, 'A', 0, 1642176000),
(32061, 869, 870, 'A', 0, 1642176000),
(32062, 870, 871, 'A', 0, 1642176000),
(32063, 871, 872, 'A', 0, 1642176000),
(32064, 872, 873, 'A', 0, 1642176000),
(32065, 873, 874, 'A', 0, 1642176000),
(32066, 874, 875, 'A', 0, 1642176000),
(32067, 875, 876, 'A', 0, 1642176000),
(32068, 876, 877, 'A', 0, 1642176000),
(32069, 877, 878, 'A', 0, 1642176000),
(32070, 878, 879, 'A', 0, 1642176000),
(32071, 879, 880, 'A', 0, 1642176000),
(32072, 880, 881, 'A', 0, 1642176000),
(32073, 881, 882, 'A', 0, 1642176000),
(32074, 882, 883, 'A', 0, 1642176000),
(32075, 882, 884, 'A', 0, 1642176000),
(32076, 882, 885, 'A', 0, 1642176000),
(32077, 882, 886, 'B', 0, 1642176000),
(32078, 882, 887, 'B', 0, 1642176000),
(32079, 882, 888, 'B', 0, 1642176000),
(32080, 60, 849, 'A', 0, 1642176000),
(32081, 849, 850, 'A', 0, 1642176000),
(32082, 850, 851, 'A', 0, 1642176000),
(32083, 851, 852, 'A', 0, 1642176000),
(32084, 852, 853, 'A', 0, 1642176000),
(32085, 853, 854, 'A', 0, 1642176000),
(32086, 854, 855, 'A', 0, 1642176000),
(32087, 855, 856, 'A', 0, 1642176000),
(32088, 856, 857, 'A', 0, 1642176000),
(32089, 857, 858, 'A', 0, 1642176000),
(32090, 858, 859, 'A', 0, 1642176000),
(32091, 859, 860, 'A', 0, 1642176000),
(32092, 860, 861, 'A', 0, 1642176000),
(32093, 861, 862, 'A', 0, 1642176000),
(32094, 862, 863, 'A', 0, 1642176000),
(32095, 863, 864, 'A', 0, 1642176000),
(32096, 864, 865, 'A', 0, 1642176000),
(32097, 865, 866, 'A', 0, 1642176000),
(32098, 866, 867, 'A', 0, 1642176000),
(32099, 867, 868, 'A', 0, 1642176000),
(32100, 868, 869, 'A', 0, 1642176000),
(32101, 869, 870, 'A', 0, 1642176000),
(32102, 870, 871, 'A', 0, 1642176000),
(32103, 871, 872, 'A', 0, 1642176000),
(32104, 872, 873, 'A', 0, 1642176000),
(32105, 873, 874, 'A', 0, 1642176000),
(32106, 874, 875, 'A', 0, 1642176000),
(32107, 875, 876, 'A', 0, 1642176000),
(32108, 876, 877, 'A', 0, 1642176000),
(32109, 877, 878, 'A', 0, 1642176000),
(32110, 878, 879, 'A', 0, 1642176000),
(32111, 879, 880, 'A', 0, 1642176000),
(32112, 880, 881, 'A', 0, 1642176000);
INSERT INTO `bonus_minmatching` (`id`, `user_id`, `member_id`, `team`, `amount`, `datecreate`) VALUES
(32113, 881, 882, 'A', 0, 1642176000),
(32114, 882, 883, 'A', 0, 1642176000),
(32115, 882, 884, 'A', 0, 1642176000),
(32116, 882, 885, 'A', 0, 1642176000),
(32117, 882, 886, 'B', 0, 1642176000),
(32118, 882, 887, 'B', 0, 1642176000),
(32119, 882, 888, 'B', 0, 1642176000),
(32120, 60, 849, 'A', 0, 1642262400),
(32121, 849, 850, 'A', 0, 1642262400),
(32122, 850, 851, 'A', 0, 1642262400),
(32123, 851, 852, 'A', 0, 1642262400),
(32124, 852, 853, 'A', 0, 1642262400),
(32125, 853, 854, 'A', 0, 1642262400),
(32126, 854, 855, 'A', 0, 1642262400),
(32127, 855, 856, 'A', 0, 1642262400),
(32128, 856, 857, 'A', 0, 1642262400),
(32129, 857, 858, 'A', 0, 1642262400),
(32130, 858, 859, 'A', 0, 1642262400),
(32131, 859, 860, 'A', 0, 1642262400),
(32132, 860, 861, 'A', 0, 1642262400),
(32133, 861, 862, 'A', 0, 1642262400),
(32134, 862, 863, 'A', 0, 1642262400),
(32135, 863, 864, 'A', 0, 1642262400),
(32136, 864, 865, 'A', 0, 1642262400),
(32137, 865, 866, 'A', 0, 1642262400),
(32138, 866, 867, 'A', 0, 1642262400),
(32139, 867, 868, 'A', 0, 1642262400),
(32140, 868, 869, 'A', 0, 1642262400),
(32141, 869, 870, 'A', 0, 1642262400),
(32142, 870, 871, 'A', 0, 1642262400),
(32143, 871, 872, 'A', 0, 1642262400),
(32144, 872, 873, 'A', 0, 1642262400),
(32145, 873, 874, 'A', 0, 1642262400),
(32146, 874, 875, 'A', 0, 1642262400),
(32147, 875, 876, 'A', 0, 1642262400),
(32148, 876, 877, 'A', 0, 1642262400),
(32149, 877, 878, 'A', 0, 1642262400),
(32150, 878, 879, 'A', 0, 1642262400),
(32151, 879, 880, 'A', 0, 1642262400),
(32152, 880, 881, 'A', 0, 1642262400),
(32153, 881, 882, 'A', 0, 1642262400),
(32154, 882, 883, 'A', 0, 1642262400),
(32155, 882, 884, 'A', 0, 1642262400),
(32156, 882, 885, 'A', 0, 1642262400),
(32157, 882, 886, 'B', 0, 1642262400),
(32158, 882, 887, 'B', 0, 1642262400),
(32159, 882, 888, 'B', 0, 1642262400),
(32160, 60, 849, 'A', 0, 1642262400),
(32161, 849, 850, 'A', 0, 1642262400),
(32162, 850, 851, 'A', 0, 1642262400),
(32163, 851, 852, 'A', 0, 1642262400),
(32164, 852, 853, 'A', 0, 1642262400),
(32165, 853, 854, 'A', 0, 1642262400),
(32166, 854, 855, 'A', 0, 1642262400),
(32167, 855, 856, 'A', 0, 1642262400),
(32168, 856, 857, 'A', 0, 1642262400),
(32169, 857, 858, 'A', 0, 1642262400),
(32170, 858, 859, 'A', 0, 1642262400),
(32171, 859, 860, 'A', 0, 1642262400),
(32172, 860, 861, 'A', 0, 1642262400),
(32173, 861, 862, 'A', 0, 1642262400),
(32174, 862, 863, 'A', 0, 1642262400),
(32175, 863, 864, 'A', 0, 1642262400),
(32176, 864, 865, 'A', 0, 1642262400),
(32177, 865, 866, 'A', 0, 1642262400),
(32178, 866, 867, 'A', 0, 1642262400),
(32179, 867, 868, 'A', 0, 1642262400),
(32180, 868, 869, 'A', 0, 1642262400),
(32181, 869, 870, 'A', 0, 1642262400),
(32182, 870, 871, 'A', 0, 1642262400),
(32183, 871, 872, 'A', 0, 1642262400),
(32184, 872, 873, 'A', 0, 1642262400),
(32185, 873, 874, 'A', 0, 1642262400),
(32186, 874, 875, 'A', 0, 1642262400),
(32187, 875, 876, 'A', 0, 1642262400),
(32188, 876, 877, 'A', 0, 1642262400),
(32189, 877, 878, 'A', 0, 1642262400),
(32190, 878, 879, 'A', 0, 1642262400),
(32191, 879, 880, 'A', 0, 1642262400),
(32192, 880, 881, 'A', 0, 1642262400),
(32193, 881, 882, 'A', 0, 1642262400),
(32194, 882, 883, 'A', 0, 1642262400),
(32195, 882, 884, 'A', 0, 1642262400),
(32196, 882, 885, 'A', 0, 1642262400),
(32197, 882, 886, 'B', 0, 1642262400),
(32198, 882, 887, 'B', 0, 1642262400),
(32199, 882, 888, 'B', 0, 1642262400),
(32200, 60, 849, 'A', 0, 1642348800),
(32201, 849, 850, 'A', 0, 1642348800),
(32202, 850, 851, 'A', 0, 1642348800),
(32203, 851, 852, 'A', 0, 1642348800),
(32204, 852, 853, 'A', 0, 1642348800),
(32205, 853, 854, 'A', 0, 1642348800),
(32206, 854, 855, 'A', 0, 1642348800),
(32207, 855, 856, 'A', 0, 1642348800),
(32208, 856, 857, 'A', 0, 1642348800),
(32209, 857, 858, 'A', 0, 1642348800),
(32210, 858, 859, 'A', 0, 1642348800),
(32211, 859, 860, 'A', 0, 1642348800),
(32212, 860, 861, 'A', 0, 1642348800),
(32213, 861, 862, 'A', 0, 1642348800),
(32214, 862, 863, 'A', 0, 1642348800),
(32215, 863, 864, 'A', 0, 1642348800),
(32216, 864, 865, 'A', 0, 1642348800),
(32217, 865, 866, 'A', 0, 1642348800),
(32218, 866, 867, 'A', 0, 1642348800),
(32219, 867, 868, 'A', 0, 1642348800),
(32220, 868, 869, 'A', 0, 1642348800),
(32221, 869, 870, 'A', 0, 1642348800),
(32222, 870, 871, 'A', 0, 1642348800),
(32223, 871, 872, 'A', 0, 1642348800),
(32224, 872, 873, 'A', 0, 1642348800),
(32225, 873, 874, 'A', 0, 1642348800),
(32226, 874, 875, 'A', 0, 1642348800),
(32227, 875, 876, 'A', 0, 1642348800),
(32228, 876, 877, 'A', 0, 1642348800),
(32229, 877, 878, 'A', 0, 1642348800),
(32230, 878, 879, 'A', 0, 1642348800),
(32231, 879, 880, 'A', 0, 1642348800),
(32232, 880, 881, 'A', 0, 1642348800),
(32233, 881, 882, 'A', 0, 1642348800),
(32234, 882, 883, 'A', 0, 1642348800),
(32235, 882, 884, 'A', 0, 1642348800),
(32236, 882, 885, 'A', 0, 1642348800),
(32237, 882, 886, 'B', 0, 1642348800),
(32238, 882, 887, 'B', 0, 1642348800),
(32239, 882, 888, 'B', 0, 1642348800),
(32240, 60, 849, 'A', 0, 1642348800),
(32241, 849, 850, 'A', 0, 1642348800),
(32242, 850, 851, 'A', 0, 1642348800),
(32243, 851, 852, 'A', 0, 1642348800),
(32244, 852, 853, 'A', 0, 1642348800),
(32245, 853, 854, 'A', 0, 1642348800),
(32246, 854, 855, 'A', 0, 1642348800),
(32247, 855, 856, 'A', 0, 1642348800),
(32248, 856, 857, 'A', 0, 1642348800),
(32249, 857, 858, 'A', 0, 1642348800),
(32250, 858, 859, 'A', 0, 1642348800),
(32251, 859, 860, 'A', 0, 1642348800),
(32252, 860, 861, 'A', 0, 1642348800),
(32253, 861, 862, 'A', 0, 1642348800),
(32254, 862, 863, 'A', 0, 1642348800),
(32255, 863, 864, 'A', 0, 1642348800),
(32256, 864, 865, 'A', 0, 1642348800),
(32257, 865, 866, 'A', 0, 1642348800),
(32258, 866, 867, 'A', 0, 1642348800),
(32259, 867, 868, 'A', 0, 1642348800),
(32260, 868, 869, 'A', 0, 1642348800),
(32261, 869, 870, 'A', 0, 1642348800),
(32262, 870, 871, 'A', 0, 1642348800),
(32263, 871, 872, 'A', 0, 1642348800),
(32264, 872, 873, 'A', 0, 1642348800),
(32265, 873, 874, 'A', 0, 1642348800),
(32266, 874, 875, 'A', 0, 1642348800),
(32267, 875, 876, 'A', 0, 1642348800),
(32268, 876, 877, 'A', 0, 1642348800),
(32269, 877, 878, 'A', 0, 1642348800),
(32270, 878, 879, 'A', 0, 1642348800),
(32271, 879, 880, 'A', 0, 1642348800),
(32272, 880, 881, 'A', 0, 1642348800),
(32273, 881, 882, 'A', 0, 1642348800),
(32274, 882, 883, 'A', 0, 1642348800),
(32275, 882, 884, 'A', 0, 1642348800),
(32276, 882, 885, 'A', 0, 1642348800),
(32277, 882, 886, 'B', 0, 1642348800),
(32278, 882, 887, 'B', 0, 1642348800),
(32279, 882, 888, 'B', 0, 1642348800),
(32280, 60, 849, 'A', 0, 1642435200),
(32281, 849, 850, 'A', 0, 1642435200),
(32282, 850, 851, 'A', 0, 1642435200),
(32283, 851, 852, 'A', 0, 1642435200),
(32284, 852, 853, 'A', 0, 1642435200),
(32285, 853, 854, 'A', 0, 1642435200),
(32286, 854, 855, 'A', 0, 1642435200),
(32287, 855, 856, 'A', 0, 1642435200),
(32288, 856, 857, 'A', 0, 1642435200),
(32289, 857, 858, 'A', 0, 1642435200),
(32290, 858, 859, 'A', 0, 1642435200),
(32291, 859, 860, 'A', 0, 1642435200),
(32292, 860, 861, 'A', 0, 1642435200),
(32293, 861, 862, 'A', 0, 1642435200),
(32294, 862, 863, 'A', 0, 1642435200),
(32295, 863, 864, 'A', 0, 1642435200),
(32296, 864, 865, 'A', 0, 1642435200),
(32297, 865, 866, 'A', 0, 1642435200),
(32298, 866, 867, 'A', 0, 1642435200),
(32299, 867, 868, 'A', 0, 1642435200),
(32300, 868, 869, 'A', 0, 1642435200),
(32301, 869, 870, 'A', 0, 1642435200),
(32302, 870, 871, 'A', 0, 1642435200),
(32303, 871, 872, 'A', 0, 1642435200),
(32304, 872, 873, 'A', 0, 1642435200),
(32305, 873, 874, 'A', 0, 1642435200),
(32306, 874, 875, 'A', 0, 1642435200),
(32307, 875, 876, 'A', 0, 1642435200),
(32308, 876, 877, 'A', 0, 1642435200),
(32309, 877, 878, 'A', 0, 1642435200),
(32310, 878, 879, 'A', 0, 1642435200),
(32311, 879, 880, 'A', 0, 1642435200),
(32312, 880, 881, 'A', 0, 1642435200),
(32313, 881, 882, 'A', 0, 1642435200),
(32314, 882, 883, 'A', 0, 1642435200),
(32315, 882, 884, 'A', 0, 1642435200),
(32316, 882, 885, 'A', 0, 1642435200),
(32317, 882, 886, 'B', 0, 1642435200),
(32318, 882, 887, 'B', 0, 1642435200),
(32319, 882, 888, 'B', 0, 1642435200),
(32320, 60, 849, 'A', 0, 1642435200),
(32321, 849, 850, 'A', 0, 1642435200),
(32322, 850, 851, 'A', 0, 1642435200),
(32323, 851, 852, 'A', 0, 1642435200),
(32324, 852, 853, 'A', 0, 1642435200),
(32325, 853, 854, 'A', 0, 1642435200),
(32326, 854, 855, 'A', 0, 1642435200),
(32327, 855, 856, 'A', 0, 1642435200),
(32328, 856, 857, 'A', 0, 1642435200),
(32329, 857, 858, 'A', 0, 1642435200),
(32330, 858, 859, 'A', 0, 1642435200),
(32331, 859, 860, 'A', 0, 1642435200),
(32332, 860, 861, 'A', 0, 1642435200),
(32333, 861, 862, 'A', 0, 1642435200),
(32334, 862, 863, 'A', 0, 1642435200),
(32335, 863, 864, 'A', 0, 1642435200),
(32336, 864, 865, 'A', 0, 1642435200),
(32337, 865, 866, 'A', 0, 1642435200),
(32338, 866, 867, 'A', 0, 1642435200),
(32339, 867, 868, 'A', 0, 1642435200),
(32340, 868, 869, 'A', 0, 1642435200),
(32341, 869, 870, 'A', 0, 1642435200),
(32342, 870, 871, 'A', 0, 1642435200),
(32343, 871, 872, 'A', 0, 1642435200),
(32344, 872, 873, 'A', 0, 1642435200),
(32345, 873, 874, 'A', 0, 1642435200),
(32346, 874, 875, 'A', 0, 1642435200),
(32347, 875, 876, 'A', 0, 1642435200),
(32348, 876, 877, 'A', 0, 1642435200),
(32349, 877, 878, 'A', 0, 1642435200),
(32350, 878, 879, 'A', 0, 1642435200),
(32351, 879, 880, 'A', 0, 1642435200),
(32352, 880, 881, 'A', 0, 1642435200),
(32353, 881, 882, 'A', 0, 1642435200),
(32354, 882, 883, 'A', 0, 1642435200),
(32355, 882, 884, 'A', 0, 1642435200),
(32356, 882, 885, 'A', 0, 1642435200),
(32357, 882, 886, 'B', 0, 1642435200),
(32358, 882, 887, 'B', 0, 1642435200),
(32359, 882, 888, 'B', 0, 1642435200),
(32360, 60, 849, 'A', 0, 1642521600),
(32361, 849, 850, 'A', 0, 1642521600),
(32362, 850, 851, 'A', 0, 1642521600),
(32363, 851, 852, 'A', 0, 1642521600),
(32364, 852, 853, 'A', 0, 1642521600),
(32365, 853, 854, 'A', 0, 1642521600),
(32366, 854, 855, 'A', 0, 1642521600),
(32367, 855, 856, 'A', 0, 1642521600),
(32368, 856, 857, 'A', 0, 1642521600),
(32369, 857, 858, 'A', 0, 1642521600),
(32370, 858, 859, 'A', 0, 1642521600),
(32371, 859, 860, 'A', 0, 1642521600),
(32372, 860, 861, 'A', 0, 1642521600),
(32373, 861, 862, 'A', 0, 1642521600),
(32374, 862, 863, 'A', 0, 1642521600),
(32375, 863, 864, 'A', 0, 1642521600),
(32376, 864, 865, 'A', 0, 1642521600),
(32377, 865, 866, 'A', 0, 1642521600),
(32378, 866, 867, 'A', 0, 1642521600),
(32379, 867, 868, 'A', 0, 1642521600),
(32380, 868, 869, 'A', 0, 1642521600),
(32381, 869, 870, 'A', 0, 1642521600),
(32382, 870, 871, 'A', 0, 1642521600),
(32383, 871, 872, 'A', 0, 1642521600),
(32384, 872, 873, 'A', 0, 1642521600),
(32385, 873, 874, 'A', 0, 1642521600),
(32386, 874, 875, 'A', 0, 1642521600),
(32387, 875, 876, 'A', 0, 1642521600),
(32388, 876, 877, 'A', 0, 1642521600),
(32389, 877, 878, 'A', 0, 1642521600),
(32390, 878, 879, 'A', 0, 1642521600),
(32391, 879, 880, 'A', 0, 1642521600),
(32392, 880, 881, 'A', 0, 1642521600),
(32393, 881, 882, 'A', 0, 1642521600),
(32394, 882, 883, 'A', 0, 1642521600),
(32395, 882, 884, 'A', 0, 1642521600),
(32396, 882, 885, 'A', 0, 1642521600),
(32397, 882, 886, 'B', 0, 1642521600),
(32398, 882, 887, 'B', 0, 1642521600),
(32399, 882, 888, 'B', 0, 1642521600),
(32400, 60, 849, 'A', 0, 1642521600),
(32401, 849, 850, 'A', 0, 1642521600),
(32402, 850, 851, 'A', 0, 1642521600),
(32403, 851, 852, 'A', 0, 1642521600),
(32404, 852, 853, 'A', 0, 1642521600),
(32405, 853, 854, 'A', 0, 1642521600),
(32406, 854, 855, 'A', 0, 1642521600),
(32407, 855, 856, 'A', 0, 1642521600),
(32408, 856, 857, 'A', 0, 1642521600),
(32409, 857, 858, 'A', 0, 1642521600),
(32410, 858, 859, 'A', 0, 1642521600),
(32411, 859, 860, 'A', 0, 1642521600),
(32412, 860, 861, 'A', 0, 1642521600),
(32413, 861, 862, 'A', 0, 1642521600),
(32414, 862, 863, 'A', 0, 1642521600),
(32415, 863, 864, 'A', 0, 1642521600),
(32416, 864, 865, 'A', 0, 1642521600),
(32417, 865, 866, 'A', 0, 1642521600),
(32418, 866, 867, 'A', 0, 1642521600),
(32419, 867, 868, 'A', 0, 1642521600),
(32420, 868, 869, 'A', 0, 1642521600),
(32421, 869, 870, 'A', 0, 1642521600),
(32422, 870, 871, 'A', 0, 1642521600),
(32423, 871, 872, 'A', 0, 1642521600),
(32424, 872, 873, 'A', 0, 1642521600),
(32425, 873, 874, 'A', 0, 1642521600),
(32426, 874, 875, 'A', 0, 1642521600),
(32427, 875, 876, 'A', 0, 1642521600),
(32428, 876, 877, 'A', 0, 1642521600),
(32429, 877, 878, 'A', 0, 1642521600),
(32430, 878, 879, 'A', 0, 1642521600),
(32431, 879, 880, 'A', 0, 1642521600),
(32432, 880, 881, 'A', 0, 1642521600),
(32433, 881, 882, 'A', 0, 1642521600),
(32434, 882, 883, 'A', 0, 1642521600),
(32435, 882, 884, 'A', 0, 1642521600),
(32436, 882, 885, 'A', 0, 1642521600),
(32437, 882, 886, 'B', 0, 1642521600),
(32438, 882, 887, 'B', 0, 1642521600),
(32439, 882, 888, 'B', 0, 1642521600),
(32440, 60, 849, 'A', 0, 1642608000),
(32441, 849, 850, 'A', 0, 1642608000),
(32442, 850, 851, 'A', 0, 1642608000),
(32443, 851, 852, 'A', 0, 1642608000),
(32444, 852, 853, 'A', 0, 1642608000),
(32445, 853, 854, 'A', 0, 1642608000),
(32446, 854, 855, 'A', 0, 1642608000),
(32447, 855, 856, 'A', 0, 1642608000),
(32448, 856, 857, 'A', 0, 1642608000),
(32449, 857, 858, 'A', 0, 1642608000),
(32450, 858, 859, 'A', 0, 1642608000),
(32451, 859, 860, 'A', 0, 1642608000),
(32452, 860, 861, 'A', 0, 1642608000),
(32453, 861, 862, 'A', 0, 1642608000),
(32454, 862, 863, 'A', 0, 1642608000),
(32455, 863, 864, 'A', 0, 1642608000),
(32456, 864, 865, 'A', 0, 1642608000),
(32457, 865, 866, 'A', 0, 1642608000),
(32458, 866, 867, 'A', 0, 1642608000),
(32459, 867, 868, 'A', 0, 1642608000),
(32460, 868, 869, 'A', 0, 1642608000),
(32461, 869, 870, 'A', 0, 1642608000),
(32462, 870, 871, 'A', 0, 1642608000),
(32463, 871, 872, 'A', 0, 1642608000),
(32464, 872, 873, 'A', 0, 1642608000),
(32465, 873, 874, 'A', 0, 1642608000),
(32466, 874, 875, 'A', 0, 1642608000),
(32467, 875, 876, 'A', 0, 1642608000),
(32468, 876, 877, 'A', 0, 1642608000),
(32469, 877, 878, 'A', 0, 1642608000),
(32470, 878, 879, 'A', 0, 1642608000),
(32471, 879, 880, 'A', 0, 1642608000),
(32472, 880, 881, 'A', 0, 1642608000),
(32473, 881, 882, 'A', 0, 1642608000),
(32474, 882, 883, 'A', 0, 1642608000),
(32475, 882, 884, 'A', 0, 1642608000),
(32476, 882, 885, 'A', 0, 1642608000),
(32477, 882, 886, 'B', 0, 1642608000),
(32478, 882, 887, 'B', 0, 1642608000),
(32479, 882, 888, 'B', 0, 1642608000),
(32480, 60, 849, 'A', 0, 1642608000),
(32481, 849, 850, 'A', 0, 1642608000),
(32482, 850, 851, 'A', 0, 1642608000),
(32483, 851, 852, 'A', 0, 1642608000),
(32484, 852, 853, 'A', 0, 1642608000),
(32485, 853, 854, 'A', 0, 1642608000),
(32486, 854, 855, 'A', 0, 1642608000),
(32487, 855, 856, 'A', 0, 1642608000),
(32488, 856, 857, 'A', 0, 1642608000),
(32489, 857, 858, 'A', 0, 1642608000),
(32490, 858, 859, 'A', 0, 1642608000),
(32491, 859, 860, 'A', 0, 1642608000),
(32492, 860, 861, 'A', 0, 1642608000),
(32493, 861, 862, 'A', 0, 1642608000),
(32494, 862, 863, 'A', 0, 1642608000),
(32495, 863, 864, 'A', 0, 1642608000),
(32496, 864, 865, 'A', 0, 1642608000),
(32497, 865, 866, 'A', 0, 1642608000),
(32498, 866, 867, 'A', 0, 1642608000),
(32499, 867, 868, 'A', 0, 1642608000),
(32500, 868, 869, 'A', 0, 1642608000),
(32501, 869, 870, 'A', 0, 1642608000),
(32502, 870, 871, 'A', 0, 1642608000),
(32503, 871, 872, 'A', 0, 1642608000),
(32504, 872, 873, 'A', 0, 1642608000),
(32505, 873, 874, 'A', 0, 1642608000),
(32506, 874, 875, 'A', 0, 1642608000),
(32507, 875, 876, 'A', 0, 1642608000),
(32508, 876, 877, 'A', 0, 1642608000),
(32509, 877, 878, 'A', 0, 1642608000),
(32510, 878, 879, 'A', 0, 1642608000),
(32511, 879, 880, 'A', 0, 1642608000),
(32512, 880, 881, 'A', 0, 1642608000),
(32513, 881, 882, 'A', 0, 1642608000),
(32514, 882, 883, 'A', 0, 1642608000),
(32515, 882, 884, 'A', 0, 1642608000),
(32516, 882, 885, 'A', 0, 1642608000),
(32517, 882, 886, 'B', 0, 1642608000),
(32518, 882, 887, 'B', 0, 1642608000),
(32519, 882, 888, 'B', 0, 1642608000),
(32520, 60, 849, 'A', 0, 1642694400),
(32521, 849, 850, 'A', 0, 1642694400),
(32522, 850, 851, 'A', 0, 1642694400),
(32523, 851, 852, 'A', 0, 1642694400),
(32524, 852, 853, 'A', 0, 1642694400),
(32525, 853, 854, 'A', 0, 1642694400),
(32526, 854, 855, 'A', 0, 1642694400),
(32527, 855, 856, 'A', 0, 1642694400),
(32528, 856, 857, 'A', 0, 1642694400),
(32529, 857, 858, 'A', 0, 1642694400),
(32530, 858, 859, 'A', 0, 1642694400),
(32531, 859, 860, 'A', 0, 1642694400),
(32532, 860, 861, 'A', 0, 1642694400),
(32533, 861, 862, 'A', 0, 1642694400),
(32534, 862, 863, 'A', 0, 1642694400),
(32535, 863, 864, 'A', 0, 1642694400),
(32536, 864, 865, 'A', 0, 1642694400),
(32537, 865, 866, 'A', 0, 1642694400),
(32538, 866, 867, 'A', 0, 1642694400),
(32539, 867, 868, 'A', 0, 1642694400),
(32540, 868, 869, 'A', 0, 1642694400),
(32541, 869, 870, 'A', 0, 1642694400),
(32542, 870, 871, 'A', 0, 1642694400),
(32543, 871, 872, 'A', 0, 1642694400),
(32544, 872, 873, 'A', 0, 1642694400),
(32545, 873, 874, 'A', 0, 1642694400),
(32546, 874, 875, 'A', 0, 1642694400),
(32547, 875, 876, 'A', 0, 1642694400),
(32548, 876, 877, 'A', 0, 1642694400),
(32549, 877, 878, 'A', 0, 1642694400),
(32550, 878, 879, 'A', 0, 1642694400),
(32551, 879, 880, 'A', 0, 1642694400),
(32552, 880, 881, 'A', 0, 1642694400),
(32553, 881, 882, 'A', 0, 1642694400),
(32554, 882, 883, 'A', 0, 1642694400),
(32555, 882, 884, 'A', 0, 1642694400),
(32556, 882, 885, 'A', 0, 1642694400),
(32557, 882, 886, 'B', 0, 1642694400),
(32558, 882, 887, 'B', 0, 1642694400),
(32559, 882, 888, 'B', 0, 1642694400),
(32560, 60, 849, 'A', 0, 1642694400),
(32561, 849, 850, 'A', 0, 1642694400),
(32562, 850, 851, 'A', 0, 1642694400),
(32563, 851, 852, 'A', 0, 1642694400),
(32564, 852, 853, 'A', 0, 1642694400),
(32565, 853, 854, 'A', 0, 1642694400),
(32566, 854, 855, 'A', 0, 1642694400),
(32567, 855, 856, 'A', 0, 1642694400),
(32568, 856, 857, 'A', 0, 1642694400),
(32569, 857, 858, 'A', 0, 1642694400),
(32570, 858, 859, 'A', 0, 1642694400),
(32571, 859, 860, 'A', 0, 1642694400),
(32572, 860, 861, 'A', 0, 1642694400),
(32573, 861, 862, 'A', 0, 1642694400),
(32574, 862, 863, 'A', 0, 1642694400),
(32575, 863, 864, 'A', 0, 1642694400),
(32576, 864, 865, 'A', 0, 1642694400),
(32577, 865, 866, 'A', 0, 1642694400),
(32578, 866, 867, 'A', 0, 1642694400),
(32579, 867, 868, 'A', 0, 1642694400),
(32580, 868, 869, 'A', 0, 1642694400),
(32581, 869, 870, 'A', 0, 1642694400),
(32582, 870, 871, 'A', 0, 1642694400),
(32583, 871, 872, 'A', 0, 1642694400),
(32584, 872, 873, 'A', 0, 1642694400),
(32585, 873, 874, 'A', 0, 1642694400),
(32586, 874, 875, 'A', 0, 1642694400),
(32587, 875, 876, 'A', 0, 1642694400),
(32588, 876, 877, 'A', 0, 1642694400),
(32589, 877, 878, 'A', 0, 1642694400),
(32590, 878, 879, 'A', 0, 1642694400),
(32591, 879, 880, 'A', 0, 1642694400),
(32592, 880, 881, 'A', 0, 1642694400),
(32593, 881, 882, 'A', 0, 1642694400),
(32594, 882, 883, 'A', 0, 1642694400),
(32595, 882, 884, 'A', 0, 1642694400),
(32596, 882, 885, 'A', 0, 1642694400),
(32597, 882, 886, 'B', 0, 1642694400),
(32598, 882, 887, 'B', 0, 1642694400),
(32599, 882, 888, 'B', 0, 1642694400),
(32600, 60, 849, 'A', 0, 1642780800),
(32601, 849, 850, 'A', 0, 1642780800),
(32602, 850, 851, 'A', 0, 1642780800),
(32603, 851, 852, 'A', 0, 1642780800),
(32604, 852, 853, 'A', 0, 1642780800),
(32605, 853, 854, 'A', 0, 1642780800),
(32606, 854, 855, 'A', 0, 1642780800),
(32607, 855, 856, 'A', 0, 1642780800),
(32608, 856, 857, 'A', 0, 1642780800),
(32609, 857, 858, 'A', 0, 1642780800),
(32610, 858, 859, 'A', 0, 1642780800),
(32611, 859, 860, 'A', 0, 1642780800),
(32612, 860, 861, 'A', 0, 1642780800),
(32613, 861, 862, 'A', 0, 1642780800),
(32614, 862, 863, 'A', 0, 1642780800),
(32615, 863, 864, 'A', 0, 1642780800),
(32616, 864, 865, 'A', 0, 1642780800),
(32617, 865, 866, 'A', 0, 1642780800),
(32618, 866, 867, 'A', 0, 1642780800),
(32619, 867, 868, 'A', 0, 1642780800),
(32620, 868, 869, 'A', 0, 1642780800),
(32621, 869, 870, 'A', 0, 1642780800),
(32622, 870, 871, 'A', 0, 1642780800),
(32623, 871, 872, 'A', 0, 1642780800),
(32624, 872, 873, 'A', 0, 1642780800),
(32625, 873, 874, 'A', 0, 1642780800),
(32626, 874, 875, 'A', 0, 1642780800),
(32627, 875, 876, 'A', 0, 1642780800),
(32628, 876, 877, 'A', 0, 1642780800),
(32629, 877, 878, 'A', 0, 1642780800),
(32630, 878, 879, 'A', 0, 1642780800),
(32631, 879, 880, 'A', 0, 1642780800),
(32632, 880, 881, 'A', 0, 1642780800),
(32633, 881, 882, 'A', 0, 1642780800),
(32634, 882, 883, 'A', 0, 1642780800),
(32635, 882, 884, 'A', 0, 1642780800),
(32636, 882, 885, 'A', 0, 1642780800),
(32637, 882, 886, 'B', 0, 1642780800),
(32638, 882, 887, 'B', 0, 1642780800),
(32639, 882, 888, 'B', 0, 1642780800),
(32640, 60, 849, 'A', 0, 1642780800),
(32641, 849, 850, 'A', 0, 1642780800),
(32642, 850, 851, 'A', 0, 1642780800),
(32643, 851, 852, 'A', 0, 1642780800),
(32644, 852, 853, 'A', 0, 1642780800),
(32645, 853, 854, 'A', 0, 1642780800),
(32646, 854, 855, 'A', 0, 1642780800),
(32647, 855, 856, 'A', 0, 1642780800),
(32648, 856, 857, 'A', 0, 1642780800),
(32649, 857, 858, 'A', 0, 1642780800),
(32650, 858, 859, 'A', 0, 1642780800),
(32651, 859, 860, 'A', 0, 1642780800),
(32652, 860, 861, 'A', 0, 1642780800),
(32653, 861, 862, 'A', 0, 1642780800),
(32654, 862, 863, 'A', 0, 1642780800),
(32655, 863, 864, 'A', 0, 1642780800),
(32656, 864, 865, 'A', 0, 1642780800),
(32657, 865, 866, 'A', 0, 1642780800),
(32658, 866, 867, 'A', 0, 1642780800),
(32659, 867, 868, 'A', 0, 1642780800),
(32660, 868, 869, 'A', 0, 1642780800),
(32661, 869, 870, 'A', 0, 1642780800),
(32662, 870, 871, 'A', 0, 1642780800),
(32663, 871, 872, 'A', 0, 1642780800),
(32664, 872, 873, 'A', 0, 1642780800),
(32665, 873, 874, 'A', 0, 1642780800),
(32666, 874, 875, 'A', 0, 1642780800),
(32667, 875, 876, 'A', 0, 1642780800),
(32668, 876, 877, 'A', 0, 1642780800),
(32669, 877, 878, 'A', 0, 1642780800),
(32670, 878, 879, 'A', 0, 1642780800),
(32671, 879, 880, 'A', 0, 1642780800),
(32672, 880, 881, 'A', 0, 1642780800),
(32673, 881, 882, 'A', 0, 1642780800),
(32674, 882, 883, 'A', 0, 1642780800),
(32675, 882, 884, 'A', 0, 1642780800),
(32676, 882, 885, 'A', 0, 1642780800),
(32677, 882, 886, 'B', 0, 1642780800),
(32678, 882, 887, 'B', 0, 1642780800),
(32679, 882, 888, 'B', 0, 1642780800),
(32680, 60, 849, 'A', 0, 1642867200),
(32681, 849, 850, 'A', 0, 1642867200),
(32682, 850, 851, 'A', 0, 1642867200),
(32683, 851, 852, 'A', 0, 1642867200),
(32684, 852, 853, 'A', 0, 1642867200),
(32685, 853, 854, 'A', 0, 1642867200),
(32686, 854, 855, 'A', 0, 1642867200),
(32687, 855, 856, 'A', 0, 1642867200),
(32688, 856, 857, 'A', 0, 1642867200),
(32689, 857, 858, 'A', 0, 1642867200),
(32690, 858, 859, 'A', 0, 1642867200),
(32691, 859, 860, 'A', 0, 1642867200),
(32692, 860, 861, 'A', 0, 1642867200),
(32693, 861, 862, 'A', 0, 1642867200),
(32694, 862, 863, 'A', 0, 1642867200),
(32695, 863, 864, 'A', 0, 1642867200),
(32696, 864, 865, 'A', 0, 1642867200),
(32697, 865, 866, 'A', 0, 1642867200),
(32698, 866, 867, 'A', 0, 1642867200),
(32699, 867, 868, 'A', 0, 1642867200),
(32700, 868, 869, 'A', 0, 1642867200),
(32701, 869, 870, 'A', 0, 1642867200),
(32702, 870, 871, 'A', 0, 1642867200),
(32703, 871, 872, 'A', 0, 1642867200),
(32704, 872, 873, 'A', 0, 1642867200),
(32705, 873, 874, 'A', 0, 1642867200),
(32706, 874, 875, 'A', 0, 1642867200),
(32707, 875, 876, 'A', 0, 1642867200),
(32708, 876, 877, 'A', 0, 1642867200),
(32709, 877, 878, 'A', 0, 1642867200),
(32710, 878, 879, 'A', 0, 1642867200),
(32711, 879, 880, 'A', 0, 1642867200),
(32712, 880, 881, 'A', 0, 1642867200),
(32713, 881, 882, 'A', 0, 1642867200),
(32714, 882, 883, 'A', 0, 1642867200),
(32715, 882, 884, 'A', 0, 1642867200),
(32716, 882, 885, 'A', 0, 1642867200),
(32717, 882, 886, 'B', 0, 1642867200),
(32718, 882, 887, 'B', 0, 1642867200),
(32719, 882, 888, 'B', 0, 1642867200),
(32720, 60, 849, 'A', 0, 1642867200),
(32721, 849, 850, 'A', 0, 1642867200),
(32722, 850, 851, 'A', 0, 1642867200),
(32723, 851, 852, 'A', 0, 1642867200),
(32724, 852, 853, 'A', 0, 1642867200),
(32725, 853, 854, 'A', 0, 1642867200),
(32726, 854, 855, 'A', 0, 1642867200),
(32727, 855, 856, 'A', 0, 1642867200),
(32728, 856, 857, 'A', 0, 1642867200),
(32729, 857, 858, 'A', 0, 1642867200),
(32730, 858, 859, 'A', 0, 1642867200),
(32731, 859, 860, 'A', 0, 1642867200),
(32732, 860, 861, 'A', 0, 1642867200),
(32733, 861, 862, 'A', 0, 1642867200),
(32734, 862, 863, 'A', 0, 1642867200),
(32735, 863, 864, 'A', 0, 1642867200),
(32736, 864, 865, 'A', 0, 1642867200),
(32737, 865, 866, 'A', 0, 1642867200),
(32738, 866, 867, 'A', 0, 1642867200),
(32739, 867, 868, 'A', 0, 1642867200),
(32740, 868, 869, 'A', 0, 1642867200),
(32741, 869, 870, 'A', 0, 1642867200),
(32742, 870, 871, 'A', 0, 1642867200),
(32743, 871, 872, 'A', 0, 1642867200),
(32744, 872, 873, 'A', 0, 1642867200),
(32745, 873, 874, 'A', 0, 1642867200),
(32746, 874, 875, 'A', 0, 1642867200),
(32747, 875, 876, 'A', 0, 1642867200),
(32748, 876, 877, 'A', 0, 1642867200),
(32749, 877, 878, 'A', 0, 1642867200),
(32750, 878, 879, 'A', 0, 1642867200),
(32751, 879, 880, 'A', 0, 1642867200),
(32752, 880, 881, 'A', 0, 1642867200),
(32753, 881, 882, 'A', 0, 1642867200),
(32754, 882, 883, 'A', 0, 1642867200),
(32755, 882, 884, 'A', 0, 1642867200),
(32756, 882, 885, 'A', 0, 1642867200),
(32757, 882, 886, 'B', 0, 1642867200),
(32758, 882, 887, 'B', 0, 1642867200),
(32759, 882, 888, 'B', 0, 1642867200),
(32760, 60, 849, 'A', 0, 1642953600),
(32761, 849, 850, 'A', 0, 1642953600),
(32762, 850, 851, 'A', 0, 1642953600),
(32763, 851, 852, 'A', 0, 1642953600),
(32764, 852, 853, 'A', 0, 1642953600),
(32765, 853, 854, 'A', 0, 1642953600),
(32766, 854, 855, 'A', 0, 1642953600),
(32767, 855, 856, 'A', 0, 1642953600),
(32768, 856, 857, 'A', 0, 1642953600),
(32769, 857, 858, 'A', 0, 1642953600),
(32770, 858, 859, 'A', 0, 1642953600),
(32771, 859, 860, 'A', 0, 1642953600),
(32772, 860, 861, 'A', 0, 1642953600),
(32773, 861, 862, 'A', 0, 1642953600),
(32774, 862, 863, 'A', 0, 1642953600),
(32775, 863, 864, 'A', 0, 1642953600),
(32776, 864, 865, 'A', 0, 1642953600),
(32777, 865, 866, 'A', 0, 1642953600),
(32778, 866, 867, 'A', 0, 1642953600),
(32779, 867, 868, 'A', 0, 1642953600),
(32780, 868, 869, 'A', 0, 1642953600),
(32781, 869, 870, 'A', 0, 1642953600),
(32782, 870, 871, 'A', 0, 1642953600),
(32783, 871, 872, 'A', 0, 1642953600),
(32784, 872, 873, 'A', 0, 1642953600),
(32785, 873, 874, 'A', 0, 1642953600),
(32786, 874, 875, 'A', 0, 1642953600),
(32787, 875, 876, 'A', 0, 1642953600),
(32788, 876, 877, 'A', 0, 1642953600),
(32789, 877, 878, 'A', 0, 1642953600),
(32790, 878, 879, 'A', 0, 1642953600),
(32791, 879, 880, 'A', 0, 1642953600),
(32792, 880, 881, 'A', 0, 1642953600),
(32793, 881, 882, 'A', 0, 1642953600),
(32794, 882, 883, 'A', 0, 1642953600),
(32795, 882, 884, 'A', 0, 1642953600),
(32796, 882, 885, 'A', 0, 1642953600),
(32797, 882, 886, 'B', 0, 1642953600),
(32798, 882, 887, 'B', 0, 1642953600),
(32799, 882, 888, 'B', 0, 1642953600),
(32800, 60, 849, 'A', 0, 1642953600),
(32801, 849, 850, 'A', 0, 1642953600),
(32802, 850, 851, 'A', 0, 1642953600),
(32803, 851, 852, 'A', 0, 1642953600),
(32804, 852, 853, 'A', 0, 1642953600),
(32805, 853, 854, 'A', 0, 1642953600),
(32806, 854, 855, 'A', 0, 1642953600),
(32807, 855, 856, 'A', 0, 1642953600),
(32808, 856, 857, 'A', 0, 1642953600),
(32809, 857, 858, 'A', 0, 1642953600),
(32810, 858, 859, 'A', 0, 1642953600),
(32811, 859, 860, 'A', 0, 1642953600),
(32812, 860, 861, 'A', 0, 1642953600),
(32813, 861, 862, 'A', 0, 1642953600),
(32814, 862, 863, 'A', 0, 1642953600),
(32815, 863, 864, 'A', 0, 1642953600),
(32816, 864, 865, 'A', 0, 1642953600),
(32817, 865, 866, 'A', 0, 1642953600),
(32818, 866, 867, 'A', 0, 1642953600),
(32819, 867, 868, 'A', 0, 1642953600),
(32820, 868, 869, 'A', 0, 1642953600),
(32821, 869, 870, 'A', 0, 1642953600),
(32822, 870, 871, 'A', 0, 1642953600),
(32823, 871, 872, 'A', 0, 1642953600),
(32824, 872, 873, 'A', 0, 1642953600),
(32825, 873, 874, 'A', 0, 1642953600),
(32826, 874, 875, 'A', 0, 1642953600),
(32827, 875, 876, 'A', 0, 1642953600),
(32828, 876, 877, 'A', 0, 1642953600),
(32829, 877, 878, 'A', 0, 1642953600),
(32830, 878, 879, 'A', 0, 1642953600),
(32831, 879, 880, 'A', 0, 1642953600),
(32832, 880, 881, 'A', 0, 1642953600),
(32833, 881, 882, 'A', 0, 1642953600),
(32834, 882, 883, 'A', 0, 1642953600),
(32835, 882, 884, 'A', 0, 1642953600),
(32836, 882, 885, 'A', 0, 1642953600),
(32837, 882, 886, 'B', 0, 1642953600),
(32838, 882, 887, 'B', 0, 1642953600),
(32839, 882, 888, 'B', 0, 1642953600),
(32840, 60, 849, 'A', 0, 1643040000),
(32841, 849, 850, 'A', 0, 1643040000),
(32842, 850, 851, 'A', 0, 1643040000),
(32843, 851, 852, 'A', 0, 1643040000),
(32844, 852, 853, 'A', 0, 1643040000),
(32845, 853, 854, 'A', 0, 1643040000),
(32846, 854, 855, 'A', 0, 1643040000),
(32847, 855, 856, 'A', 0, 1643040000),
(32848, 856, 857, 'A', 0, 1643040000),
(32849, 857, 858, 'A', 0, 1643040000),
(32850, 858, 859, 'A', 0, 1643040000),
(32851, 859, 860, 'A', 0, 1643040000),
(32852, 860, 861, 'A', 0, 1643040000),
(32853, 861, 862, 'A', 0, 1643040000),
(32854, 862, 863, 'A', 0, 1643040000),
(32855, 863, 864, 'A', 0, 1643040000),
(32856, 864, 865, 'A', 0, 1643040000),
(32857, 865, 866, 'A', 0, 1643040000),
(32858, 866, 867, 'A', 0, 1643040000),
(32859, 867, 868, 'A', 0, 1643040000),
(32860, 868, 869, 'A', 0, 1643040000),
(32861, 869, 870, 'A', 0, 1643040000),
(32862, 870, 871, 'A', 0, 1643040000),
(32863, 871, 872, 'A', 0, 1643040000),
(32864, 872, 873, 'A', 0, 1643040000),
(32865, 873, 874, 'A', 0, 1643040000),
(32866, 874, 875, 'A', 0, 1643040000),
(32867, 875, 876, 'A', 0, 1643040000),
(32868, 876, 877, 'A', 0, 1643040000),
(32869, 877, 878, 'A', 0, 1643040000),
(32870, 878, 879, 'A', 0, 1643040000),
(32871, 879, 880, 'A', 0, 1643040000),
(32872, 880, 881, 'A', 0, 1643040000),
(32873, 881, 882, 'A', 0, 1643040000),
(32874, 882, 883, 'A', 0, 1643040000),
(32875, 882, 884, 'A', 0, 1643040000),
(32876, 882, 885, 'A', 0, 1643040000),
(32877, 882, 886, 'B', 0, 1643040000),
(32878, 882, 887, 'B', 0, 1643040000),
(32879, 882, 888, 'B', 0, 1643040000),
(32880, 60, 849, 'A', 0, 1643040000),
(32881, 849, 850, 'A', 0, 1643040000),
(32882, 850, 851, 'A', 0, 1643040000),
(32883, 851, 852, 'A', 0, 1643040000),
(32884, 852, 853, 'A', 0, 1643040000),
(32885, 853, 854, 'A', 0, 1643040000),
(32886, 854, 855, 'A', 0, 1643040000),
(32887, 855, 856, 'A', 0, 1643040000),
(32888, 856, 857, 'A', 0, 1643040000),
(32889, 857, 858, 'A', 0, 1643040000),
(32890, 858, 859, 'A', 0, 1643040000),
(32891, 859, 860, 'A', 0, 1643040000),
(32892, 860, 861, 'A', 0, 1643040000),
(32893, 861, 862, 'A', 0, 1643040000),
(32894, 862, 863, 'A', 0, 1643040000),
(32895, 863, 864, 'A', 0, 1643040000),
(32896, 864, 865, 'A', 0, 1643040000),
(32897, 865, 866, 'A', 0, 1643040000),
(32898, 866, 867, 'A', 0, 1643040000),
(32899, 867, 868, 'A', 0, 1643040000),
(32900, 868, 869, 'A', 0, 1643040000),
(32901, 869, 870, 'A', 0, 1643040000),
(32902, 870, 871, 'A', 0, 1643040000),
(32903, 871, 872, 'A', 0, 1643040000),
(32904, 872, 873, 'A', 0, 1643040000),
(32905, 873, 874, 'A', 0, 1643040000),
(32906, 874, 875, 'A', 0, 1643040000),
(32907, 875, 876, 'A', 0, 1643040000),
(32908, 876, 877, 'A', 0, 1643040000),
(32909, 877, 878, 'A', 0, 1643040000),
(32910, 878, 879, 'A', 0, 1643040000),
(32911, 879, 880, 'A', 0, 1643040000),
(32912, 880, 881, 'A', 0, 1643040000),
(32913, 881, 882, 'A', 0, 1643040000),
(32914, 882, 883, 'A', 0, 1643040000),
(32915, 882, 884, 'A', 0, 1643040000),
(32916, 882, 885, 'A', 0, 1643040000),
(32917, 882, 886, 'B', 0, 1643040000),
(32918, 882, 887, 'B', 0, 1643040000),
(32919, 882, 888, 'B', 0, 1643040000),
(32920, 60, 849, 'A', 0, 1643126400),
(32921, 849, 850, 'A', 0, 1643126400),
(32922, 850, 851, 'A', 0, 1643126400),
(32923, 851, 852, 'A', 0, 1643126400),
(32924, 852, 853, 'A', 0, 1643126400),
(32925, 853, 854, 'A', 0, 1643126400),
(32926, 854, 855, 'A', 0, 1643126400),
(32927, 855, 856, 'A', 0, 1643126400),
(32928, 856, 857, 'A', 0, 1643126400),
(32929, 857, 858, 'A', 0, 1643126400),
(32930, 858, 859, 'A', 0, 1643126400),
(32931, 859, 860, 'A', 0, 1643126400),
(32932, 860, 861, 'A', 0, 1643126400),
(32933, 861, 862, 'A', 0, 1643126400),
(32934, 862, 863, 'A', 0, 1643126400),
(32935, 863, 864, 'A', 0, 1643126400),
(32936, 864, 865, 'A', 0, 1643126400),
(32937, 865, 866, 'A', 0, 1643126400),
(32938, 866, 867, 'A', 0, 1643126400),
(32939, 867, 868, 'A', 0, 1643126400),
(32940, 868, 869, 'A', 0, 1643126400),
(32941, 869, 870, 'A', 0, 1643126400),
(32942, 870, 871, 'A', 0, 1643126400),
(32943, 871, 872, 'A', 0, 1643126400),
(32944, 872, 873, 'A', 0, 1643126400),
(32945, 873, 874, 'A', 0, 1643126400),
(32946, 874, 875, 'A', 0, 1643126400),
(32947, 875, 876, 'A', 0, 1643126400),
(32948, 876, 877, 'A', 0, 1643126400),
(32949, 877, 878, 'A', 0, 1643126400),
(32950, 878, 879, 'A', 0, 1643126400),
(32951, 879, 880, 'A', 0, 1643126400),
(32952, 880, 881, 'A', 0, 1643126400),
(32953, 881, 882, 'A', 0, 1643126400),
(32954, 882, 883, 'A', 0, 1643126400),
(32955, 882, 884, 'A', 0, 1643126400),
(32956, 882, 885, 'A', 0, 1643126400),
(32957, 882, 886, 'B', 0, 1643126400),
(32958, 882, 887, 'B', 0, 1643126400),
(32959, 882, 888, 'B', 0, 1643126400),
(32960, 60, 849, 'A', 0, 1643126400),
(32961, 849, 850, 'A', 0, 1643126400),
(32962, 850, 851, 'A', 0, 1643126400),
(32963, 851, 852, 'A', 0, 1643126400),
(32964, 852, 853, 'A', 0, 1643126400),
(32965, 853, 854, 'A', 0, 1643126400),
(32966, 854, 855, 'A', 0, 1643126400),
(32967, 855, 856, 'A', 0, 1643126400),
(32968, 856, 857, 'A', 0, 1643126400),
(32969, 857, 858, 'A', 0, 1643126400),
(32970, 858, 859, 'A', 0, 1643126400),
(32971, 859, 860, 'A', 0, 1643126400),
(32972, 860, 861, 'A', 0, 1643126400),
(32973, 861, 862, 'A', 0, 1643126400),
(32974, 862, 863, 'A', 0, 1643126400),
(32975, 863, 864, 'A', 0, 1643126400),
(32976, 864, 865, 'A', 0, 1643126400),
(32977, 865, 866, 'A', 0, 1643126400),
(32978, 866, 867, 'A', 0, 1643126400),
(32979, 867, 868, 'A', 0, 1643126400),
(32980, 868, 869, 'A', 0, 1643126400),
(32981, 869, 870, 'A', 0, 1643126400),
(32982, 870, 871, 'A', 0, 1643126400),
(32983, 871, 872, 'A', 0, 1643126400),
(32984, 872, 873, 'A', 0, 1643126400),
(32985, 873, 874, 'A', 0, 1643126400),
(32986, 874, 875, 'A', 0, 1643126400),
(32987, 875, 876, 'A', 0, 1643126400),
(32988, 876, 877, 'A', 0, 1643126400),
(32989, 877, 878, 'A', 0, 1643126400),
(32990, 878, 879, 'A', 0, 1643126400),
(32991, 879, 880, 'A', 0, 1643126400),
(32992, 880, 881, 'A', 0, 1643126400),
(32993, 881, 882, 'A', 0, 1643126400),
(32994, 882, 883, 'A', 0, 1643126400),
(32995, 882, 884, 'A', 0, 1643126400),
(32996, 882, 885, 'A', 0, 1643126400),
(32997, 882, 886, 'B', 0, 1643126400),
(32998, 882, 887, 'B', 0, 1643126400),
(32999, 882, 888, 'B', 0, 1643126400),
(33000, 60, 849, 'A', 0, 1643212800),
(33001, 849, 850, 'A', 0, 1643212800),
(33002, 850, 851, 'A', 0, 1643212800),
(33003, 851, 852, 'A', 0, 1643212800),
(33004, 852, 853, 'A', 0, 1643212800),
(33005, 853, 854, 'A', 0, 1643212800),
(33006, 854, 855, 'A', 0, 1643212800),
(33007, 855, 856, 'A', 0, 1643212800),
(33008, 856, 857, 'A', 0, 1643212800),
(33009, 857, 858, 'A', 0, 1643212800),
(33010, 858, 859, 'A', 0, 1643212800),
(33011, 859, 860, 'A', 0, 1643212800),
(33012, 860, 861, 'A', 0, 1643212800),
(33013, 861, 862, 'A', 0, 1643212800),
(33014, 862, 863, 'A', 0, 1643212800),
(33015, 863, 864, 'A', 0, 1643212800),
(33016, 864, 865, 'A', 0, 1643212800),
(33017, 865, 866, 'A', 0, 1643212800),
(33018, 866, 867, 'A', 0, 1643212800),
(33019, 867, 868, 'A', 0, 1643212800),
(33020, 868, 869, 'A', 0, 1643212800),
(33021, 869, 870, 'A', 0, 1643212800),
(33022, 870, 871, 'A', 0, 1643212800),
(33023, 871, 872, 'A', 0, 1643212800),
(33024, 872, 873, 'A', 0, 1643212800),
(33025, 873, 874, 'A', 0, 1643212800),
(33026, 874, 875, 'A', 0, 1643212800),
(33027, 875, 876, 'A', 0, 1643212800),
(33028, 876, 877, 'A', 0, 1643212800),
(33029, 877, 878, 'A', 0, 1643212800),
(33030, 878, 879, 'A', 0, 1643212800),
(33031, 879, 880, 'A', 0, 1643212800),
(33032, 880, 881, 'A', 0, 1643212800),
(33033, 881, 882, 'A', 0, 1643212800),
(33034, 882, 883, 'A', 0, 1643212800),
(33035, 882, 884, 'A', 0, 1643212800),
(33036, 882, 885, 'A', 0, 1643212800),
(33037, 882, 886, 'B', 0, 1643212800),
(33038, 882, 887, 'B', 0, 1643212800),
(33039, 882, 888, 'B', 0, 1643212800),
(33040, 60, 849, 'A', 0, 1643212800),
(33041, 849, 850, 'A', 0, 1643212800),
(33042, 850, 851, 'A', 0, 1643212800),
(33043, 851, 852, 'A', 0, 1643212800),
(33044, 852, 853, 'A', 0, 1643212800),
(33045, 853, 854, 'A', 0, 1643212800),
(33046, 854, 855, 'A', 0, 1643212800),
(33047, 855, 856, 'A', 0, 1643212800),
(33048, 856, 857, 'A', 0, 1643212800),
(33049, 857, 858, 'A', 0, 1643212800),
(33050, 858, 859, 'A', 0, 1643212800),
(33051, 859, 860, 'A', 0, 1643212800),
(33052, 860, 861, 'A', 0, 1643212800),
(33053, 861, 862, 'A', 0, 1643212800),
(33054, 862, 863, 'A', 0, 1643212800),
(33055, 863, 864, 'A', 0, 1643212800),
(33056, 864, 865, 'A', 0, 1643212800),
(33057, 865, 866, 'A', 0, 1643212800),
(33058, 866, 867, 'A', 0, 1643212800),
(33059, 867, 868, 'A', 0, 1643212800),
(33060, 868, 869, 'A', 0, 1643212800),
(33061, 869, 870, 'A', 0, 1643212800),
(33062, 870, 871, 'A', 0, 1643212800),
(33063, 871, 872, 'A', 0, 1643212800),
(33064, 872, 873, 'A', 0, 1643212800),
(33065, 873, 874, 'A', 0, 1643212800),
(33066, 874, 875, 'A', 0, 1643212800),
(33067, 875, 876, 'A', 0, 1643212800),
(33068, 876, 877, 'A', 0, 1643212800),
(33069, 877, 878, 'A', 0, 1643212800),
(33070, 878, 879, 'A', 0, 1643212800),
(33071, 879, 880, 'A', 0, 1643212800),
(33072, 880, 881, 'A', 0, 1643212800),
(33073, 881, 882, 'A', 0, 1643212800),
(33074, 882, 883, 'A', 0, 1643212800),
(33075, 882, 884, 'A', 0, 1643212800),
(33076, 882, 885, 'A', 0, 1643212800),
(33077, 882, 886, 'B', 0, 1643212800),
(33078, 882, 887, 'B', 0, 1643212800),
(33079, 882, 888, 'B', 0, 1643212800),
(33080, 60, 849, 'A', 0, 1643299200),
(33081, 849, 850, 'A', 0, 1643299200),
(33082, 850, 851, 'A', 0, 1643299200),
(33083, 851, 852, 'A', 0, 1643299200),
(33084, 852, 853, 'A', 0, 1643299200),
(33085, 853, 854, 'A', 0, 1643299200),
(33086, 854, 855, 'A', 0, 1643299200),
(33087, 855, 856, 'A', 0, 1643299200),
(33088, 856, 857, 'A', 0, 1643299200),
(33089, 857, 858, 'A', 0, 1643299200),
(33090, 858, 859, 'A', 0, 1643299200),
(33091, 859, 860, 'A', 0, 1643299200),
(33092, 860, 861, 'A', 0, 1643299200),
(33093, 861, 862, 'A', 0, 1643299200),
(33094, 862, 863, 'A', 0, 1643299200),
(33095, 863, 864, 'A', 0, 1643299200),
(33096, 864, 865, 'A', 0, 1643299200),
(33097, 865, 866, 'A', 0, 1643299200),
(33098, 866, 867, 'A', 0, 1643299200),
(33099, 867, 868, 'A', 0, 1643299200),
(33100, 868, 869, 'A', 0, 1643299200),
(33101, 869, 870, 'A', 0, 1643299200),
(33102, 870, 871, 'A', 0, 1643299200),
(33103, 871, 872, 'A', 0, 1643299200),
(33104, 872, 873, 'A', 0, 1643299200),
(33105, 873, 874, 'A', 0, 1643299200),
(33106, 874, 875, 'A', 0, 1643299200),
(33107, 875, 876, 'A', 0, 1643299200),
(33108, 876, 877, 'A', 0, 1643299200),
(33109, 877, 878, 'A', 0, 1643299200),
(33110, 878, 879, 'A', 0, 1643299200),
(33111, 879, 880, 'A', 0, 1643299200),
(33112, 880, 881, 'A', 0, 1643299200),
(33113, 881, 882, 'A', 0, 1643299200),
(33114, 882, 883, 'A', 0, 1643299200),
(33115, 882, 884, 'A', 0, 1643299200),
(33116, 882, 885, 'A', 0, 1643299200),
(33117, 882, 886, 'B', 0, 1643299200),
(33118, 882, 887, 'B', 0, 1643299200),
(33119, 882, 888, 'B', 0, 1643299200),
(33120, 60, 849, 'A', 0, 1643299200),
(33121, 849, 850, 'A', 0, 1643299200),
(33122, 850, 851, 'A', 0, 1643299200),
(33123, 851, 852, 'A', 0, 1643299200),
(33124, 852, 853, 'A', 0, 1643299200),
(33125, 853, 854, 'A', 0, 1643299200),
(33126, 854, 855, 'A', 0, 1643299200),
(33127, 855, 856, 'A', 0, 1643299200),
(33128, 856, 857, 'A', 0, 1643299200),
(33129, 857, 858, 'A', 0, 1643299200),
(33130, 858, 859, 'A', 0, 1643299200),
(33131, 859, 860, 'A', 0, 1643299200),
(33132, 860, 861, 'A', 0, 1643299200),
(33133, 861, 862, 'A', 0, 1643299200),
(33134, 862, 863, 'A', 0, 1643299200),
(33135, 863, 864, 'A', 0, 1643299200),
(33136, 864, 865, 'A', 0, 1643299200),
(33137, 865, 866, 'A', 0, 1643299200),
(33138, 866, 867, 'A', 0, 1643299200),
(33139, 867, 868, 'A', 0, 1643299200),
(33140, 868, 869, 'A', 0, 1643299200),
(33141, 869, 870, 'A', 0, 1643299200),
(33142, 870, 871, 'A', 0, 1643299200),
(33143, 871, 872, 'A', 0, 1643299200),
(33144, 872, 873, 'A', 0, 1643299200),
(33145, 873, 874, 'A', 0, 1643299200),
(33146, 874, 875, 'A', 0, 1643299200),
(33147, 875, 876, 'A', 0, 1643299200),
(33148, 876, 877, 'A', 0, 1643299200),
(33149, 877, 878, 'A', 0, 1643299200),
(33150, 878, 879, 'A', 0, 1643299200),
(33151, 879, 880, 'A', 0, 1643299200),
(33152, 880, 881, 'A', 0, 1643299200),
(33153, 881, 882, 'A', 0, 1643299200),
(33154, 882, 883, 'A', 0, 1643299200),
(33155, 882, 884, 'A', 0, 1643299200),
(33156, 882, 885, 'A', 0, 1643299200),
(33157, 882, 886, 'B', 0, 1643299200),
(33158, 882, 887, 'B', 0, 1643299200),
(33159, 882, 888, 'B', 0, 1643299200),
(33160, 60, 849, 'A', 0, 1643385600),
(33161, 849, 850, 'A', 0, 1643385600),
(33162, 850, 851, 'A', 0, 1643385600),
(33163, 851, 852, 'A', 0, 1643385600),
(33164, 852, 853, 'A', 0, 1643385600),
(33165, 853, 854, 'A', 0, 1643385600),
(33166, 854, 855, 'A', 0, 1643385600),
(33167, 855, 856, 'A', 0, 1643385600),
(33168, 856, 857, 'A', 0, 1643385600),
(33169, 857, 858, 'A', 0, 1643385600),
(33170, 858, 859, 'A', 0, 1643385600),
(33171, 859, 860, 'A', 0, 1643385600),
(33172, 860, 861, 'A', 0, 1643385600),
(33173, 861, 862, 'A', 0, 1643385600),
(33174, 862, 863, 'A', 0, 1643385600),
(33175, 863, 864, 'A', 0, 1643385600),
(33176, 864, 865, 'A', 0, 1643385600),
(33177, 865, 866, 'A', 0, 1643385600),
(33178, 866, 867, 'A', 0, 1643385600),
(33179, 867, 868, 'A', 0, 1643385600),
(33180, 868, 869, 'A', 0, 1643385600),
(33181, 869, 870, 'A', 0, 1643385600),
(33182, 870, 871, 'A', 0, 1643385600),
(33183, 871, 872, 'A', 0, 1643385600),
(33184, 872, 873, 'A', 0, 1643385600),
(33185, 873, 874, 'A', 0, 1643385600),
(33186, 874, 875, 'A', 0, 1643385600),
(33187, 875, 876, 'A', 0, 1643385600),
(33188, 876, 877, 'A', 0, 1643385600),
(33189, 877, 878, 'A', 0, 1643385600),
(33190, 878, 879, 'A', 0, 1643385600),
(33191, 879, 880, 'A', 0, 1643385600),
(33192, 880, 881, 'A', 0, 1643385600),
(33193, 881, 882, 'A', 0, 1643385600),
(33194, 882, 883, 'A', 0, 1643385600),
(33195, 882, 884, 'A', 0, 1643385600),
(33196, 882, 885, 'A', 0, 1643385600),
(33197, 882, 886, 'B', 0, 1643385600),
(33198, 882, 887, 'B', 0, 1643385600),
(33199, 882, 888, 'B', 0, 1643385600),
(33200, 60, 849, 'A', 0, 1643385600),
(33201, 849, 850, 'A', 0, 1643385600),
(33202, 850, 851, 'A', 0, 1643385600),
(33203, 851, 852, 'A', 0, 1643385600),
(33204, 852, 853, 'A', 0, 1643385600),
(33205, 853, 854, 'A', 0, 1643385600),
(33206, 854, 855, 'A', 0, 1643385600),
(33207, 855, 856, 'A', 0, 1643385600),
(33208, 856, 857, 'A', 0, 1643385600),
(33209, 857, 858, 'A', 0, 1643385600),
(33210, 858, 859, 'A', 0, 1643385600),
(33211, 859, 860, 'A', 0, 1643385600),
(33212, 860, 861, 'A', 0, 1643385600),
(33213, 861, 862, 'A', 0, 1643385600),
(33214, 862, 863, 'A', 0, 1643385600),
(33215, 863, 864, 'A', 0, 1643385600),
(33216, 864, 865, 'A', 0, 1643385600),
(33217, 865, 866, 'A', 0, 1643385600),
(33218, 866, 867, 'A', 0, 1643385600),
(33219, 867, 868, 'A', 0, 1643385600),
(33220, 868, 869, 'A', 0, 1643385600),
(33221, 869, 870, 'A', 0, 1643385600),
(33222, 870, 871, 'A', 0, 1643385600),
(33223, 871, 872, 'A', 0, 1643385600),
(33224, 872, 873, 'A', 0, 1643385600),
(33225, 873, 874, 'A', 0, 1643385600),
(33226, 874, 875, 'A', 0, 1643385600),
(33227, 875, 876, 'A', 0, 1643385600),
(33228, 876, 877, 'A', 0, 1643385600),
(33229, 877, 878, 'A', 0, 1643385600),
(33230, 878, 879, 'A', 0, 1643385600),
(33231, 879, 880, 'A', 0, 1643385600),
(33232, 880, 881, 'A', 0, 1643385600),
(33233, 881, 882, 'A', 0, 1643385600),
(33234, 882, 883, 'A', 0, 1643385600),
(33235, 882, 884, 'A', 0, 1643385600),
(33236, 882, 885, 'A', 0, 1643385600),
(33237, 882, 886, 'B', 0, 1643385600),
(33238, 882, 887, 'B', 0, 1643385600),
(33239, 882, 888, 'B', 0, 1643385600),
(33240, 60, 849, 'A', 0, 1643472000),
(33241, 849, 850, 'A', 0, 1643472000),
(33242, 850, 851, 'A', 0, 1643472000),
(33243, 851, 852, 'A', 0, 1643472000),
(33244, 852, 853, 'A', 0, 1643472000),
(33245, 853, 854, 'A', 0, 1643472000),
(33246, 854, 855, 'A', 0, 1643472000),
(33247, 855, 856, 'A', 0, 1643472000),
(33248, 856, 857, 'A', 0, 1643472000),
(33249, 857, 858, 'A', 0, 1643472000),
(33250, 858, 859, 'A', 0, 1643472000),
(33251, 859, 860, 'A', 0, 1643472000),
(33252, 860, 861, 'A', 0, 1643472000),
(33253, 861, 862, 'A', 0, 1643472000),
(33254, 862, 863, 'A', 0, 1643472000),
(33255, 863, 864, 'A', 0, 1643472000),
(33256, 864, 865, 'A', 0, 1643472000),
(33257, 865, 866, 'A', 0, 1643472000),
(33258, 866, 867, 'A', 0, 1643472000),
(33259, 867, 868, 'A', 0, 1643472000),
(33260, 868, 869, 'A', 0, 1643472000),
(33261, 869, 870, 'A', 0, 1643472000),
(33262, 870, 871, 'A', 0, 1643472000),
(33263, 871, 872, 'A', 0, 1643472000),
(33264, 872, 873, 'A', 0, 1643472000),
(33265, 873, 874, 'A', 0, 1643472000),
(33266, 874, 875, 'A', 0, 1643472000),
(33267, 875, 876, 'A', 0, 1643472000),
(33268, 876, 877, 'A', 0, 1643472000),
(33269, 877, 878, 'A', 0, 1643472000),
(33270, 878, 879, 'A', 0, 1643472000),
(33271, 879, 880, 'A', 0, 1643472000),
(33272, 880, 881, 'A', 0, 1643472000),
(33273, 881, 882, 'A', 0, 1643472000),
(33274, 882, 883, 'A', 0, 1643472000),
(33275, 882, 884, 'A', 0, 1643472000),
(33276, 882, 885, 'A', 0, 1643472000),
(33277, 882, 886, 'B', 0, 1643472000),
(33278, 882, 887, 'B', 0, 1643472000),
(33279, 882, 888, 'B', 0, 1643472000),
(33280, 60, 849, 'A', 0, 1643472000),
(33281, 849, 850, 'A', 0, 1643472000),
(33282, 850, 851, 'A', 0, 1643472000),
(33283, 851, 852, 'A', 0, 1643472000),
(33284, 852, 853, 'A', 0, 1643472000),
(33285, 853, 854, 'A', 0, 1643472000),
(33286, 854, 855, 'A', 0, 1643472000),
(33287, 855, 856, 'A', 0, 1643472000),
(33288, 856, 857, 'A', 0, 1643472000),
(33289, 857, 858, 'A', 0, 1643472000),
(33290, 858, 859, 'A', 0, 1643472000),
(33291, 859, 860, 'A', 0, 1643472000),
(33292, 860, 861, 'A', 0, 1643472000),
(33293, 861, 862, 'A', 0, 1643472000),
(33294, 862, 863, 'A', 0, 1643472000),
(33295, 863, 864, 'A', 0, 1643472000),
(33296, 864, 865, 'A', 0, 1643472000),
(33297, 865, 866, 'A', 0, 1643472000),
(33298, 866, 867, 'A', 0, 1643472000),
(33299, 867, 868, 'A', 0, 1643472000),
(33300, 868, 869, 'A', 0, 1643472000),
(33301, 869, 870, 'A', 0, 1643472000),
(33302, 870, 871, 'A', 0, 1643472000),
(33303, 871, 872, 'A', 0, 1643472000),
(33304, 872, 873, 'A', 0, 1643472000),
(33305, 873, 874, 'A', 0, 1643472000),
(33306, 874, 875, 'A', 0, 1643472000),
(33307, 875, 876, 'A', 0, 1643472000),
(33308, 876, 877, 'A', 0, 1643472000),
(33309, 877, 878, 'A', 0, 1643472000),
(33310, 878, 879, 'A', 0, 1643472000),
(33311, 879, 880, 'A', 0, 1643472000),
(33312, 880, 881, 'A', 0, 1643472000),
(33313, 881, 882, 'A', 0, 1643472000),
(33314, 882, 883, 'A', 0, 1643472000),
(33315, 882, 884, 'A', 0, 1643472000),
(33316, 882, 885, 'A', 0, 1643472000),
(33317, 882, 886, 'B', 0, 1643472000),
(33318, 882, 887, 'B', 0, 1643472000),
(33319, 882, 888, 'B', 0, 1643472000),
(33320, 60, 849, 'A', 0, 1643558400),
(33321, 849, 850, 'A', 0, 1643558400),
(33322, 850, 851, 'A', 0, 1643558400),
(33323, 851, 852, 'A', 0, 1643558400),
(33324, 852, 853, 'A', 0, 1643558400),
(33325, 853, 854, 'A', 0, 1643558400),
(33326, 854, 855, 'A', 0, 1643558400),
(33327, 855, 856, 'A', 0, 1643558400),
(33328, 856, 857, 'A', 0, 1643558400),
(33329, 857, 858, 'A', 0, 1643558400),
(33330, 858, 859, 'A', 0, 1643558400),
(33331, 859, 860, 'A', 0, 1643558400),
(33332, 860, 861, 'A', 0, 1643558400),
(33333, 861, 862, 'A', 0, 1643558400),
(33334, 862, 863, 'A', 0, 1643558400),
(33335, 863, 864, 'A', 0, 1643558400),
(33336, 864, 865, 'A', 0, 1643558400),
(33337, 865, 866, 'A', 0, 1643558400),
(33338, 866, 867, 'A', 0, 1643558400),
(33339, 867, 868, 'A', 0, 1643558400),
(33340, 868, 869, 'A', 0, 1643558400),
(33341, 869, 870, 'A', 0, 1643558400),
(33342, 870, 871, 'A', 0, 1643558400),
(33343, 871, 872, 'A', 0, 1643558400),
(33344, 872, 873, 'A', 0, 1643558400),
(33345, 873, 874, 'A', 0, 1643558400),
(33346, 874, 875, 'A', 0, 1643558400),
(33347, 875, 876, 'A', 0, 1643558400),
(33348, 876, 877, 'A', 0, 1643558400),
(33349, 877, 878, 'A', 0, 1643558400),
(33350, 878, 879, 'A', 0, 1643558400),
(33351, 879, 880, 'A', 0, 1643558400),
(33352, 880, 881, 'A', 0, 1643558400),
(33353, 881, 882, 'A', 0, 1643558400),
(33354, 882, 883, 'A', 0, 1643558400),
(33355, 882, 884, 'A', 0, 1643558400),
(33356, 882, 885, 'A', 0, 1643558400),
(33357, 882, 886, 'B', 0, 1643558400),
(33358, 882, 887, 'B', 0, 1643558400),
(33359, 882, 888, 'B', 0, 1643558400),
(33360, 60, 849, 'A', 0, 1643558400),
(33361, 849, 850, 'A', 0, 1643558400),
(33362, 850, 851, 'A', 0, 1643558400),
(33363, 851, 852, 'A', 0, 1643558400),
(33364, 852, 853, 'A', 0, 1643558400),
(33365, 853, 854, 'A', 0, 1643558400),
(33366, 854, 855, 'A', 0, 1643558400),
(33367, 855, 856, 'A', 0, 1643558400),
(33368, 856, 857, 'A', 0, 1643558400),
(33369, 857, 858, 'A', 0, 1643558400),
(33370, 858, 859, 'A', 0, 1643558400),
(33371, 859, 860, 'A', 0, 1643558400),
(33372, 860, 861, 'A', 0, 1643558400),
(33373, 861, 862, 'A', 0, 1643558400),
(33374, 862, 863, 'A', 0, 1643558400),
(33375, 863, 864, 'A', 0, 1643558400),
(33376, 864, 865, 'A', 0, 1643558400),
(33377, 865, 866, 'A', 0, 1643558400),
(33378, 866, 867, 'A', 0, 1643558400),
(33379, 867, 868, 'A', 0, 1643558400),
(33380, 868, 869, 'A', 0, 1643558400),
(33381, 869, 870, 'A', 0, 1643558400),
(33382, 870, 871, 'A', 0, 1643558400),
(33383, 871, 872, 'A', 0, 1643558400),
(33384, 872, 873, 'A', 0, 1643558400),
(33385, 873, 874, 'A', 0, 1643558400),
(33386, 874, 875, 'A', 0, 1643558400),
(33387, 875, 876, 'A', 0, 1643558400),
(33388, 876, 877, 'A', 0, 1643558400),
(33389, 877, 878, 'A', 0, 1643558400),
(33390, 878, 879, 'A', 0, 1643558400),
(33391, 879, 880, 'A', 0, 1643558400),
(33392, 880, 881, 'A', 0, 1643558400),
(33393, 881, 882, 'A', 0, 1643558400),
(33394, 882, 883, 'A', 0, 1643558400),
(33395, 882, 884, 'A', 0, 1643558400),
(33396, 882, 885, 'A', 0, 1643558400),
(33397, 882, 886, 'B', 0, 1643558400),
(33398, 882, 887, 'B', 0, 1643558400),
(33399, 882, 888, 'B', 0, 1643558400),
(33400, 60, 849, 'A', 0, 1643644800),
(33401, 849, 850, 'A', 0, 1643644800),
(33402, 850, 851, 'A', 0, 1643644800),
(33403, 851, 852, 'A', 0, 1643644800),
(33404, 852, 853, 'A', 0, 1643644800),
(33405, 853, 854, 'A', 0, 1643644800),
(33406, 854, 855, 'A', 0, 1643644800),
(33407, 855, 856, 'A', 0, 1643644800),
(33408, 856, 857, 'A', 0, 1643644800),
(33409, 857, 858, 'A', 0, 1643644800),
(33410, 858, 859, 'A', 0, 1643644800),
(33411, 859, 860, 'A', 0, 1643644800),
(33412, 860, 861, 'A', 0, 1643644800),
(33413, 861, 862, 'A', 0, 1643644800),
(33414, 862, 863, 'A', 0, 1643644800),
(33415, 863, 864, 'A', 0, 1643644800),
(33416, 864, 865, 'A', 0, 1643644800),
(33417, 865, 866, 'A', 0, 1643644800),
(33418, 866, 867, 'A', 0, 1643644800),
(33419, 867, 868, 'A', 0, 1643644800),
(33420, 868, 869, 'A', 0, 1643644800),
(33421, 869, 870, 'A', 0, 1643644800),
(33422, 870, 871, 'A', 0, 1643644800),
(33423, 871, 872, 'A', 0, 1643644800),
(33424, 872, 873, 'A', 0, 1643644800),
(33425, 873, 874, 'A', 0, 1643644800),
(33426, 874, 875, 'A', 0, 1643644800),
(33427, 875, 876, 'A', 0, 1643644800),
(33428, 876, 877, 'A', 0, 1643644800),
(33429, 877, 878, 'A', 0, 1643644800),
(33430, 878, 879, 'A', 0, 1643644800),
(33431, 879, 880, 'A', 0, 1643644800),
(33432, 880, 881, 'A', 0, 1643644800),
(33433, 881, 882, 'A', 0, 1643644800),
(33434, 882, 883, 'A', 0, 1643644800),
(33435, 882, 884, 'A', 0, 1643644800),
(33436, 882, 885, 'A', 0, 1643644800),
(33437, 882, 886, 'B', 0, 1643644800),
(33438, 882, 887, 'B', 0, 1643644800),
(33439, 882, 888, 'B', 0, 1643644800),
(33440, 60, 849, 'A', 0, 1643644800),
(33441, 849, 850, 'A', 0, 1643644800),
(33442, 850, 851, 'A', 0, 1643644800),
(33443, 851, 852, 'A', 0, 1643644800),
(33444, 852, 853, 'A', 0, 1643644800),
(33445, 853, 854, 'A', 0, 1643644800),
(33446, 854, 855, 'A', 0, 1643644800),
(33447, 855, 856, 'A', 0, 1643644800),
(33448, 856, 857, 'A', 0, 1643644800),
(33449, 857, 858, 'A', 0, 1643644800),
(33450, 858, 859, 'A', 0, 1643644800),
(33451, 859, 860, 'A', 0, 1643644800),
(33452, 860, 861, 'A', 0, 1643644800),
(33453, 861, 862, 'A', 0, 1643644800),
(33454, 862, 863, 'A', 0, 1643644800),
(33455, 863, 864, 'A', 0, 1643644800),
(33456, 864, 865, 'A', 0, 1643644800),
(33457, 865, 866, 'A', 0, 1643644800),
(33458, 866, 867, 'A', 0, 1643644800),
(33459, 867, 868, 'A', 0, 1643644800),
(33460, 868, 869, 'A', 0, 1643644800),
(33461, 869, 870, 'A', 0, 1643644800);
INSERT INTO `bonus_minmatching` (`id`, `user_id`, `member_id`, `team`, `amount`, `datecreate`) VALUES
(33462, 870, 871, 'A', 0, 1643644800),
(33463, 871, 872, 'A', 0, 1643644800),
(33464, 872, 873, 'A', 0, 1643644800),
(33465, 873, 874, 'A', 0, 1643644800),
(33466, 874, 875, 'A', 0, 1643644800),
(33467, 875, 876, 'A', 0, 1643644800),
(33468, 876, 877, 'A', 0, 1643644800),
(33469, 877, 878, 'A', 0, 1643644800),
(33470, 878, 879, 'A', 0, 1643644800),
(33471, 879, 880, 'A', 0, 1643644800),
(33472, 880, 881, 'A', 0, 1643644800),
(33473, 881, 882, 'A', 0, 1643644800),
(33474, 882, 883, 'A', 0, 1643644800),
(33475, 882, 884, 'A', 0, 1643644800),
(33476, 882, 885, 'A', 0, 1643644800),
(33477, 882, 886, 'B', 0, 1643644800),
(33478, 882, 887, 'B', 0, 1643644800),
(33479, 882, 888, 'B', 0, 1643644800),
(33480, 60, 849, 'A', 0, 1643731200),
(33481, 849, 850, 'A', 0, 1643731200),
(33482, 850, 851, 'A', 0, 1643731200),
(33483, 851, 852, 'A', 0, 1643731200),
(33484, 852, 853, 'A', 0, 1643731200),
(33485, 853, 854, 'A', 0, 1643731200),
(33486, 854, 855, 'A', 0, 1643731200),
(33487, 855, 856, 'A', 0, 1643731200),
(33488, 856, 857, 'A', 0, 1643731200),
(33489, 857, 858, 'A', 0, 1643731200),
(33490, 858, 859, 'A', 0, 1643731200),
(33491, 859, 860, 'A', 0, 1643731200),
(33492, 860, 861, 'A', 0, 1643731200),
(33493, 861, 862, 'A', 0, 1643731200),
(33494, 862, 863, 'A', 0, 1643731200),
(33495, 863, 864, 'A', 0, 1643731200),
(33496, 864, 865, 'A', 0, 1643731200),
(33497, 865, 866, 'A', 0, 1643731200),
(33498, 866, 867, 'A', 0, 1643731200),
(33499, 867, 868, 'A', 0, 1643731200),
(33500, 868, 869, 'A', 0, 1643731200),
(33501, 869, 870, 'A', 0, 1643731200),
(33502, 870, 871, 'A', 0, 1643731200),
(33503, 871, 872, 'A', 0, 1643731200),
(33504, 872, 873, 'A', 0, 1643731200),
(33505, 873, 874, 'A', 0, 1643731200),
(33506, 874, 875, 'A', 0, 1643731200),
(33507, 875, 876, 'A', 0, 1643731200),
(33508, 876, 877, 'A', 0, 1643731200),
(33509, 877, 878, 'A', 0, 1643731200),
(33510, 878, 879, 'A', 0, 1643731200),
(33511, 879, 880, 'A', 0, 1643731200),
(33512, 880, 881, 'A', 0, 1643731200),
(33513, 881, 882, 'A', 0, 1643731200),
(33514, 882, 883, 'A', 0, 1643731200),
(33515, 882, 884, 'A', 0, 1643731200),
(33516, 882, 885, 'A', 0, 1643731200),
(33517, 882, 886, 'B', 0, 1643731200),
(33518, 882, 887, 'B', 0, 1643731200),
(33519, 882, 888, 'B', 0, 1643731200),
(33520, 60, 849, 'A', 0, 1643731200),
(33521, 849, 850, 'A', 0, 1643731200),
(33522, 850, 851, 'A', 0, 1643731200),
(33523, 851, 852, 'A', 0, 1643731200),
(33524, 852, 853, 'A', 0, 1643731200),
(33525, 853, 854, 'A', 0, 1643731200),
(33526, 854, 855, 'A', 0, 1643731200),
(33527, 855, 856, 'A', 0, 1643731200),
(33528, 856, 857, 'A', 0, 1643731200),
(33529, 857, 858, 'A', 0, 1643731200),
(33530, 858, 859, 'A', 0, 1643731200),
(33531, 859, 860, 'A', 0, 1643731200),
(33532, 860, 861, 'A', 0, 1643731200),
(33533, 861, 862, 'A', 0, 1643731200),
(33534, 862, 863, 'A', 0, 1643731200),
(33535, 863, 864, 'A', 0, 1643731200),
(33536, 864, 865, 'A', 0, 1643731200),
(33537, 865, 866, 'A', 0, 1643731200),
(33538, 866, 867, 'A', 0, 1643731200),
(33539, 867, 868, 'A', 0, 1643731200),
(33540, 868, 869, 'A', 0, 1643731200),
(33541, 869, 870, 'A', 0, 1643731200),
(33542, 870, 871, 'A', 0, 1643731200),
(33543, 871, 872, 'A', 0, 1643731200),
(33544, 872, 873, 'A', 0, 1643731200),
(33545, 873, 874, 'A', 0, 1643731200),
(33546, 874, 875, 'A', 0, 1643731200),
(33547, 875, 876, 'A', 0, 1643731200),
(33548, 876, 877, 'A', 0, 1643731200),
(33549, 877, 878, 'A', 0, 1643731200),
(33550, 878, 879, 'A', 0, 1643731200),
(33551, 879, 880, 'A', 0, 1643731200),
(33552, 880, 881, 'A', 0, 1643731200),
(33553, 881, 882, 'A', 0, 1643731200),
(33554, 882, 883, 'A', 0, 1643731200),
(33555, 882, 884, 'A', 0, 1643731200),
(33556, 882, 885, 'A', 0, 1643731200),
(33557, 882, 886, 'B', 0, 1643731200),
(33558, 882, 887, 'B', 0, 1643731200),
(33559, 882, 888, 'B', 0, 1643731200),
(33560, 60, 849, 'A', 0, 1643817600),
(33561, 849, 850, 'A', 0, 1643817600),
(33562, 850, 851, 'A', 0, 1643817600),
(33563, 851, 852, 'A', 0, 1643817600),
(33564, 852, 853, 'A', 0, 1643817600),
(33565, 853, 854, 'A', 0, 1643817600),
(33566, 854, 855, 'A', 0, 1643817600),
(33567, 855, 856, 'A', 0, 1643817600),
(33568, 856, 857, 'A', 0, 1643817600),
(33569, 857, 858, 'A', 0, 1643817600),
(33570, 858, 859, 'A', 0, 1643817600),
(33571, 859, 860, 'A', 0, 1643817600),
(33572, 860, 861, 'A', 0, 1643817600),
(33573, 861, 862, 'A', 0, 1643817600),
(33574, 862, 863, 'A', 0, 1643817600),
(33575, 863, 864, 'A', 0, 1643817600),
(33576, 864, 865, 'A', 0, 1643817600),
(33577, 865, 866, 'A', 0, 1643817600),
(33578, 866, 867, 'A', 0, 1643817600),
(33579, 867, 868, 'A', 0, 1643817600),
(33580, 868, 869, 'A', 0, 1643817600),
(33581, 869, 870, 'A', 0, 1643817600),
(33582, 870, 871, 'A', 0, 1643817600),
(33583, 871, 872, 'A', 0, 1643817600),
(33584, 872, 873, 'A', 0, 1643817600),
(33585, 873, 874, 'A', 0, 1643817600),
(33586, 874, 875, 'A', 0, 1643817600),
(33587, 875, 876, 'A', 0, 1643817600),
(33588, 876, 877, 'A', 0, 1643817600),
(33589, 877, 878, 'A', 0, 1643817600),
(33590, 878, 879, 'A', 0, 1643817600),
(33591, 879, 880, 'A', 0, 1643817600),
(33592, 880, 881, 'A', 0, 1643817600),
(33593, 881, 882, 'A', 0, 1643817600),
(33594, 882, 883, 'A', 0, 1643817600),
(33595, 882, 884, 'A', 0, 1643817600),
(33596, 882, 885, 'A', 0, 1643817600),
(33597, 882, 886, 'B', 0, 1643817600),
(33598, 882, 887, 'B', 0, 1643817600),
(33599, 882, 888, 'B', 0, 1643817600),
(33600, 60, 849, 'A', 0, 1643817600),
(33601, 849, 850, 'A', 0, 1643817600),
(33602, 850, 851, 'A', 0, 1643817600),
(33603, 851, 852, 'A', 0, 1643817600),
(33604, 852, 853, 'A', 0, 1643817600),
(33605, 853, 854, 'A', 0, 1643817600),
(33606, 854, 855, 'A', 0, 1643817600),
(33607, 855, 856, 'A', 0, 1643817600),
(33608, 856, 857, 'A', 0, 1643817600),
(33609, 857, 858, 'A', 0, 1643817600),
(33610, 858, 859, 'A', 0, 1643817600),
(33611, 859, 860, 'A', 0, 1643817600),
(33612, 860, 861, 'A', 0, 1643817600),
(33613, 861, 862, 'A', 0, 1643817600),
(33614, 862, 863, 'A', 0, 1643817600),
(33615, 863, 864, 'A', 0, 1643817600),
(33616, 864, 865, 'A', 0, 1643817600),
(33617, 865, 866, 'A', 0, 1643817600),
(33618, 866, 867, 'A', 0, 1643817600),
(33619, 867, 868, 'A', 0, 1643817600),
(33620, 868, 869, 'A', 0, 1643817600),
(33621, 869, 870, 'A', 0, 1643817600),
(33622, 870, 871, 'A', 0, 1643817600),
(33623, 871, 872, 'A', 0, 1643817600),
(33624, 872, 873, 'A', 0, 1643817600),
(33625, 873, 874, 'A', 0, 1643817600),
(33626, 874, 875, 'A', 0, 1643817600),
(33627, 875, 876, 'A', 0, 1643817600),
(33628, 876, 877, 'A', 0, 1643817600),
(33629, 877, 878, 'A', 0, 1643817600),
(33630, 878, 879, 'A', 0, 1643817600),
(33631, 879, 880, 'A', 0, 1643817600),
(33632, 880, 881, 'A', 0, 1643817600),
(33633, 881, 882, 'A', 0, 1643817600),
(33634, 882, 883, 'A', 0, 1643817600),
(33635, 882, 884, 'A', 0, 1643817600),
(33636, 882, 885, 'A', 0, 1643817600),
(33637, 882, 886, 'B', 0, 1643817600),
(33638, 882, 887, 'B', 0, 1643817600),
(33639, 882, 888, 'B', 0, 1643817600),
(33640, 60, 849, 'A', 0, 1643904000),
(33641, 849, 850, 'A', 0, 1643904000),
(33642, 850, 851, 'A', 0, 1643904000),
(33643, 851, 852, 'A', 0, 1643904000),
(33644, 852, 853, 'A', 0, 1643904000),
(33645, 853, 854, 'A', 0, 1643904000),
(33646, 854, 855, 'A', 0, 1643904000),
(33647, 855, 856, 'A', 0, 1643904000),
(33648, 856, 857, 'A', 0, 1643904000),
(33649, 857, 858, 'A', 0, 1643904000),
(33650, 858, 859, 'A', 0, 1643904000),
(33651, 859, 860, 'A', 0, 1643904000),
(33652, 860, 861, 'A', 0, 1643904000),
(33653, 861, 862, 'A', 0, 1643904000),
(33654, 862, 863, 'A', 0, 1643904000),
(33655, 863, 864, 'A', 0, 1643904000),
(33656, 864, 865, 'A', 0, 1643904000),
(33657, 865, 866, 'A', 0, 1643904000),
(33658, 866, 867, 'A', 0, 1643904000),
(33659, 867, 868, 'A', 0, 1643904000),
(33660, 868, 869, 'A', 0, 1643904000),
(33661, 869, 870, 'A', 0, 1643904000),
(33662, 870, 871, 'A', 0, 1643904000),
(33663, 871, 872, 'A', 0, 1643904000),
(33664, 872, 873, 'A', 0, 1643904000),
(33665, 873, 874, 'A', 0, 1643904000),
(33666, 874, 875, 'A', 0, 1643904000),
(33667, 875, 876, 'A', 0, 1643904000),
(33668, 876, 877, 'A', 0, 1643904000),
(33669, 877, 878, 'A', 0, 1643904000),
(33670, 878, 879, 'A', 0, 1643904000),
(33671, 879, 880, 'A', 0, 1643904000),
(33672, 880, 881, 'A', 0, 1643904000),
(33673, 881, 882, 'A', 0, 1643904000),
(33674, 882, 883, 'A', 0, 1643904000),
(33675, 882, 884, 'A', 0, 1643904000),
(33676, 882, 885, 'A', 0, 1643904000),
(33677, 882, 886, 'B', 0, 1643904000),
(33678, 882, 887, 'B', 0, 1643904000),
(33679, 882, 888, 'B', 0, 1643904000),
(33680, 60, 849, 'A', 0, 1643904000),
(33681, 849, 850, 'A', 0, 1643904000),
(33682, 850, 851, 'A', 0, 1643904000),
(33683, 851, 852, 'A', 0, 1643904000),
(33684, 852, 853, 'A', 0, 1643904000),
(33685, 853, 854, 'A', 0, 1643904000),
(33686, 854, 855, 'A', 0, 1643904000),
(33687, 855, 856, 'A', 0, 1643904000),
(33688, 856, 857, 'A', 0, 1643904000),
(33689, 857, 858, 'A', 0, 1643904000),
(33690, 858, 859, 'A', 0, 1643904000),
(33691, 859, 860, 'A', 0, 1643904000),
(33692, 860, 861, 'A', 0, 1643904000),
(33693, 861, 862, 'A', 0, 1643904000),
(33694, 862, 863, 'A', 0, 1643904000),
(33695, 863, 864, 'A', 0, 1643904000),
(33696, 864, 865, 'A', 0, 1643904000),
(33697, 865, 866, 'A', 0, 1643904000),
(33698, 866, 867, 'A', 0, 1643904000),
(33699, 867, 868, 'A', 0, 1643904000),
(33700, 868, 869, 'A', 0, 1643904000),
(33701, 869, 870, 'A', 0, 1643904000),
(33702, 870, 871, 'A', 0, 1643904000),
(33703, 871, 872, 'A', 0, 1643904000),
(33704, 872, 873, 'A', 0, 1643904000),
(33705, 873, 874, 'A', 0, 1643904000),
(33706, 874, 875, 'A', 0, 1643904000),
(33707, 875, 876, 'A', 0, 1643904000),
(33708, 876, 877, 'A', 0, 1643904000),
(33709, 877, 878, 'A', 0, 1643904000),
(33710, 878, 879, 'A', 0, 1643904000),
(33711, 879, 880, 'A', 0, 1643904000),
(33712, 880, 881, 'A', 0, 1643904000),
(33713, 881, 882, 'A', 0, 1643904000),
(33714, 882, 883, 'A', 0, 1643904000),
(33715, 882, 884, 'A', 0, 1643904000),
(33716, 882, 885, 'A', 0, 1643904000),
(33717, 882, 886, 'B', 0, 1643904000),
(33718, 882, 887, 'B', 0, 1643904000),
(33719, 882, 888, 'B', 0, 1643904000),
(33720, 60, 849, 'A', 0, 1643990400),
(33721, 849, 850, 'A', 0, 1643990400),
(33722, 850, 851, 'A', 0, 1643990400),
(33723, 851, 852, 'A', 0, 1643990400),
(33724, 852, 853, 'A', 0, 1643990400),
(33725, 853, 854, 'A', 0, 1643990400),
(33726, 854, 855, 'A', 0, 1643990400),
(33727, 855, 856, 'A', 0, 1643990400),
(33728, 856, 857, 'A', 0, 1643990400),
(33729, 857, 858, 'A', 0, 1643990400),
(33730, 858, 859, 'A', 0, 1643990400),
(33731, 859, 860, 'A', 0, 1643990400),
(33732, 860, 861, 'A', 0, 1643990400),
(33733, 861, 862, 'A', 0, 1643990400),
(33734, 862, 863, 'A', 0, 1643990400),
(33735, 863, 864, 'A', 0, 1643990400),
(33736, 864, 865, 'A', 0, 1643990400),
(33737, 865, 866, 'A', 0, 1643990400),
(33738, 866, 867, 'A', 0, 1643990400),
(33739, 867, 868, 'A', 0, 1643990400),
(33740, 868, 869, 'A', 0, 1643990400),
(33741, 869, 870, 'A', 0, 1643990400),
(33742, 870, 871, 'A', 0, 1643990400),
(33743, 871, 872, 'A', 0, 1643990400),
(33744, 872, 873, 'A', 0, 1643990400),
(33745, 873, 874, 'A', 0, 1643990400),
(33746, 874, 875, 'A', 0, 1643990400),
(33747, 875, 876, 'A', 0, 1643990400),
(33748, 876, 877, 'A', 0, 1643990400),
(33749, 877, 878, 'A', 0, 1643990400),
(33750, 878, 879, 'A', 0, 1643990400),
(33751, 879, 880, 'A', 0, 1643990400),
(33752, 880, 881, 'A', 0, 1643990400),
(33753, 881, 882, 'A', 0, 1643990400),
(33754, 882, 883, 'A', 0, 1643990400),
(33755, 882, 884, 'A', 0, 1643990400),
(33756, 882, 885, 'A', 0, 1643990400),
(33757, 882, 886, 'B', 0, 1643990400),
(33758, 882, 887, 'B', 0, 1643990400),
(33759, 882, 888, 'B', 0, 1643990400),
(33760, 60, 849, 'A', 0, 1643990400),
(33761, 849, 850, 'A', 0, 1643990400),
(33762, 850, 851, 'A', 0, 1643990400),
(33763, 851, 852, 'A', 0, 1643990400),
(33764, 852, 853, 'A', 0, 1643990400),
(33765, 853, 854, 'A', 0, 1643990400),
(33766, 854, 855, 'A', 0, 1643990400),
(33767, 855, 856, 'A', 0, 1643990400),
(33768, 856, 857, 'A', 0, 1643990400),
(33769, 857, 858, 'A', 0, 1643990400),
(33770, 858, 859, 'A', 0, 1643990400),
(33771, 859, 860, 'A', 0, 1643990400),
(33772, 860, 861, 'A', 0, 1643990400),
(33773, 861, 862, 'A', 0, 1643990400),
(33774, 862, 863, 'A', 0, 1643990400),
(33775, 863, 864, 'A', 0, 1643990400),
(33776, 864, 865, 'A', 0, 1643990400),
(33777, 865, 866, 'A', 0, 1643990400),
(33778, 866, 867, 'A', 0, 1643990400),
(33779, 867, 868, 'A', 0, 1643990400),
(33780, 868, 869, 'A', 0, 1643990400),
(33781, 869, 870, 'A', 0, 1643990400),
(33782, 870, 871, 'A', 0, 1643990400),
(33783, 871, 872, 'A', 0, 1643990400),
(33784, 872, 873, 'A', 0, 1643990400),
(33785, 873, 874, 'A', 0, 1643990400),
(33786, 874, 875, 'A', 0, 1643990400),
(33787, 875, 876, 'A', 0, 1643990400),
(33788, 876, 877, 'A', 0, 1643990400),
(33789, 877, 878, 'A', 0, 1643990400),
(33790, 878, 879, 'A', 0, 1643990400),
(33791, 879, 880, 'A', 0, 1643990400),
(33792, 880, 881, 'A', 0, 1643990400),
(33793, 881, 882, 'A', 0, 1643990400),
(33794, 882, 883, 'A', 0, 1643990400),
(33795, 882, 884, 'A', 0, 1643990400),
(33796, 882, 885, 'A', 0, 1643990400),
(33797, 882, 886, 'B', 0, 1643990400),
(33798, 882, 887, 'B', 0, 1643990400),
(33799, 882, 888, 'B', 0, 1643990400),
(33800, 60, 849, 'A', 0, 1644076800),
(33801, 849, 850, 'A', 0, 1644076800),
(33802, 850, 851, 'A', 0, 1644076800),
(33803, 851, 852, 'A', 0, 1644076800),
(33804, 852, 853, 'A', 0, 1644076800),
(33805, 853, 854, 'A', 0, 1644076800),
(33806, 854, 855, 'A', 0, 1644076800),
(33807, 855, 856, 'A', 0, 1644076800),
(33808, 856, 857, 'A', 0, 1644076800),
(33809, 857, 858, 'A', 0, 1644076800),
(33810, 858, 859, 'A', 0, 1644076800),
(33811, 859, 860, 'A', 0, 1644076800),
(33812, 860, 861, 'A', 0, 1644076800),
(33813, 861, 862, 'A', 0, 1644076800),
(33814, 862, 863, 'A', 0, 1644076800),
(33815, 863, 864, 'A', 0, 1644076800),
(33816, 864, 865, 'A', 0, 1644076800),
(33817, 865, 866, 'A', 0, 1644076800),
(33818, 866, 867, 'A', 0, 1644076800),
(33819, 867, 868, 'A', 0, 1644076800),
(33820, 868, 869, 'A', 0, 1644076800),
(33821, 869, 870, 'A', 0, 1644076800),
(33822, 870, 871, 'A', 0, 1644076800),
(33823, 871, 872, 'A', 0, 1644076800),
(33824, 872, 873, 'A', 0, 1644076800),
(33825, 873, 874, 'A', 0, 1644076800),
(33826, 874, 875, 'A', 0, 1644076800),
(33827, 875, 876, 'A', 0, 1644076800),
(33828, 876, 877, 'A', 0, 1644076800),
(33829, 877, 878, 'A', 0, 1644076800),
(33830, 878, 879, 'A', 0, 1644076800),
(33831, 879, 880, 'A', 0, 1644076800),
(33832, 880, 881, 'A', 0, 1644076800),
(33833, 881, 882, 'A', 0, 1644076800),
(33834, 882, 883, 'A', 0, 1644076800),
(33835, 882, 884, 'A', 0, 1644076800),
(33836, 882, 885, 'A', 0, 1644076800),
(33837, 882, 886, 'B', 0, 1644076800),
(33838, 882, 887, 'B', 0, 1644076800),
(33839, 882, 888, 'B', 0, 1644076800),
(33840, 60, 849, 'A', 0, 1644076800),
(33841, 849, 850, 'A', 0, 1644076800),
(33842, 850, 851, 'A', 0, 1644076800),
(33843, 851, 852, 'A', 0, 1644076800),
(33844, 852, 853, 'A', 0, 1644076800),
(33845, 853, 854, 'A', 0, 1644076800),
(33846, 854, 855, 'A', 0, 1644076800),
(33847, 855, 856, 'A', 0, 1644076800),
(33848, 856, 857, 'A', 0, 1644076800),
(33849, 857, 858, 'A', 0, 1644076800),
(33850, 858, 859, 'A', 0, 1644076800),
(33851, 859, 860, 'A', 0, 1644076800),
(33852, 860, 861, 'A', 0, 1644076800),
(33853, 861, 862, 'A', 0, 1644076800),
(33854, 862, 863, 'A', 0, 1644076800),
(33855, 863, 864, 'A', 0, 1644076800),
(33856, 864, 865, 'A', 0, 1644076800),
(33857, 865, 866, 'A', 0, 1644076800),
(33858, 866, 867, 'A', 0, 1644076800),
(33859, 867, 868, 'A', 0, 1644076800),
(33860, 868, 869, 'A', 0, 1644076800),
(33861, 869, 870, 'A', 0, 1644076800),
(33862, 870, 871, 'A', 0, 1644076800),
(33863, 871, 872, 'A', 0, 1644076800),
(33864, 872, 873, 'A', 0, 1644076800),
(33865, 873, 874, 'A', 0, 1644076800),
(33866, 874, 875, 'A', 0, 1644076800),
(33867, 875, 876, 'A', 0, 1644076800),
(33868, 876, 877, 'A', 0, 1644076800),
(33869, 877, 878, 'A', 0, 1644076800),
(33870, 878, 879, 'A', 0, 1644076800),
(33871, 879, 880, 'A', 0, 1644076800),
(33872, 880, 881, 'A', 0, 1644076800),
(33873, 881, 882, 'A', 0, 1644076800),
(33874, 882, 883, 'A', 0, 1644076800),
(33875, 882, 884, 'A', 0, 1644076800),
(33876, 882, 885, 'A', 0, 1644076800),
(33877, 882, 886, 'B', 0, 1644076800),
(33878, 882, 887, 'B', 0, 1644076800),
(33879, 882, 888, 'B', 0, 1644076800),
(33880, 60, 849, 'A', 0, 1644163200),
(33881, 849, 850, 'A', 0, 1644163200),
(33882, 850, 851, 'A', 0, 1644163200),
(33883, 851, 852, 'A', 0, 1644163200),
(33884, 852, 853, 'A', 0, 1644163200),
(33885, 853, 854, 'A', 0, 1644163200),
(33886, 854, 855, 'A', 0, 1644163200),
(33887, 855, 856, 'A', 0, 1644163200),
(33888, 856, 857, 'A', 0, 1644163200),
(33889, 857, 858, 'A', 0, 1644163200),
(33890, 858, 859, 'A', 0, 1644163200),
(33891, 859, 860, 'A', 0, 1644163200),
(33892, 860, 861, 'A', 0, 1644163200),
(33893, 861, 862, 'A', 0, 1644163200),
(33894, 862, 863, 'A', 0, 1644163200),
(33895, 863, 864, 'A', 0, 1644163200),
(33896, 864, 865, 'A', 0, 1644163200),
(33897, 865, 866, 'A', 0, 1644163200),
(33898, 866, 867, 'A', 0, 1644163200),
(33899, 867, 868, 'A', 0, 1644163200),
(33900, 868, 869, 'A', 0, 1644163200),
(33901, 869, 870, 'A', 0, 1644163200),
(33902, 870, 871, 'A', 0, 1644163200),
(33903, 871, 872, 'A', 0, 1644163200),
(33904, 872, 873, 'A', 0, 1644163200),
(33905, 873, 874, 'A', 0, 1644163200),
(33906, 874, 875, 'A', 0, 1644163200),
(33907, 875, 876, 'A', 0, 1644163200),
(33908, 876, 877, 'A', 0, 1644163200),
(33909, 877, 878, 'A', 0, 1644163200),
(33910, 878, 879, 'A', 0, 1644163200),
(33911, 879, 880, 'A', 0, 1644163200),
(33912, 880, 881, 'A', 0, 1644163200),
(33913, 881, 882, 'A', 0, 1644163200),
(33914, 882, 883, 'A', 0, 1644163200),
(33915, 882, 884, 'A', 0, 1644163200),
(33916, 882, 885, 'A', 0, 1644163200),
(33917, 882, 886, 'B', 0, 1644163200),
(33918, 882, 887, 'B', 0, 1644163200),
(33919, 882, 888, 'B', 0, 1644163200),
(33920, 60, 849, 'A', 0, 1644163200),
(33921, 849, 850, 'A', 0, 1644163200),
(33922, 850, 851, 'A', 0, 1644163200),
(33923, 851, 852, 'A', 0, 1644163200),
(33924, 852, 853, 'A', 0, 1644163200),
(33925, 853, 854, 'A', 0, 1644163200),
(33926, 854, 855, 'A', 0, 1644163200),
(33927, 855, 856, 'A', 0, 1644163200),
(33928, 856, 857, 'A', 0, 1644163200),
(33929, 857, 858, 'A', 0, 1644163200),
(33930, 858, 859, 'A', 0, 1644163200),
(33931, 859, 860, 'A', 0, 1644163200),
(33932, 860, 861, 'A', 0, 1644163200),
(33933, 861, 862, 'A', 0, 1644163200),
(33934, 862, 863, 'A', 0, 1644163200),
(33935, 863, 864, 'A', 0, 1644163200),
(33936, 864, 865, 'A', 0, 1644163200),
(33937, 865, 866, 'A', 0, 1644163200),
(33938, 866, 867, 'A', 0, 1644163200),
(33939, 867, 868, 'A', 0, 1644163200),
(33940, 868, 869, 'A', 0, 1644163200),
(33941, 869, 870, 'A', 0, 1644163200),
(33942, 870, 871, 'A', 0, 1644163200),
(33943, 871, 872, 'A', 0, 1644163200),
(33944, 872, 873, 'A', 0, 1644163200),
(33945, 873, 874, 'A', 0, 1644163200),
(33946, 874, 875, 'A', 0, 1644163200),
(33947, 875, 876, 'A', 0, 1644163200),
(33948, 876, 877, 'A', 0, 1644163200),
(33949, 877, 878, 'A', 0, 1644163200),
(33950, 878, 879, 'A', 0, 1644163200),
(33951, 879, 880, 'A', 0, 1644163200),
(33952, 880, 881, 'A', 0, 1644163200),
(33953, 881, 882, 'A', 0, 1644163200),
(33954, 882, 883, 'A', 0, 1644163200),
(33955, 882, 884, 'A', 0, 1644163200),
(33956, 882, 885, 'A', 0, 1644163200),
(33957, 882, 886, 'B', 0, 1644163200),
(33958, 882, 887, 'B', 0, 1644163200),
(33959, 882, 888, 'B', 0, 1644163200),
(33960, 60, 849, 'A', 0, 1644249600),
(33961, 849, 850, 'A', 0, 1644249600),
(33962, 850, 851, 'A', 0, 1644249600),
(33963, 851, 852, 'A', 0, 1644249600),
(33964, 852, 853, 'A', 0, 1644249600),
(33965, 853, 854, 'A', 0, 1644249600),
(33966, 854, 855, 'A', 0, 1644249600),
(33967, 855, 856, 'A', 0, 1644249600),
(33968, 856, 857, 'A', 0, 1644249600),
(33969, 857, 858, 'A', 0, 1644249600),
(33970, 858, 859, 'A', 0, 1644249600),
(33971, 859, 860, 'A', 0, 1644249600),
(33972, 860, 861, 'A', 0, 1644249600),
(33973, 861, 862, 'A', 0, 1644249600),
(33974, 862, 863, 'A', 0, 1644249600),
(33975, 863, 864, 'A', 0, 1644249600),
(33976, 864, 865, 'A', 0, 1644249600),
(33977, 865, 866, 'A', 0, 1644249600),
(33978, 866, 867, 'A', 0, 1644249600),
(33979, 867, 868, 'A', 0, 1644249600),
(33980, 868, 869, 'A', 0, 1644249600),
(33981, 869, 870, 'A', 0, 1644249600),
(33982, 870, 871, 'A', 0, 1644249600),
(33983, 871, 872, 'A', 0, 1644249600),
(33984, 872, 873, 'A', 0, 1644249600),
(33985, 873, 874, 'A', 0, 1644249600),
(33986, 874, 875, 'A', 0, 1644249600),
(33987, 875, 876, 'A', 0, 1644249600),
(33988, 876, 877, 'A', 0, 1644249600),
(33989, 877, 878, 'A', 0, 1644249600),
(33990, 878, 879, 'A', 0, 1644249600),
(33991, 879, 880, 'A', 0, 1644249600),
(33992, 880, 881, 'A', 0, 1644249600),
(33993, 881, 882, 'A', 0, 1644249600),
(33994, 882, 883, 'A', 0, 1644249600),
(33995, 882, 884, 'A', 0, 1644249600),
(33996, 882, 885, 'A', 0, 1644249600),
(33997, 882, 886, 'B', 0, 1644249600),
(33998, 882, 887, 'B', 0, 1644249600),
(33999, 882, 888, 'B', 0, 1644249600),
(34000, 60, 849, 'A', 0, 1644249600),
(34001, 849, 850, 'A', 0, 1644249600),
(34002, 850, 851, 'A', 0, 1644249600),
(34003, 851, 852, 'A', 0, 1644249600),
(34004, 852, 853, 'A', 0, 1644249600),
(34005, 853, 854, 'A', 0, 1644249600),
(34006, 854, 855, 'A', 0, 1644249600),
(34007, 855, 856, 'A', 0, 1644249600),
(34008, 856, 857, 'A', 0, 1644249600),
(34009, 857, 858, 'A', 0, 1644249600),
(34010, 858, 859, 'A', 0, 1644249600),
(34011, 859, 860, 'A', 0, 1644249600),
(34012, 860, 861, 'A', 0, 1644249600),
(34013, 861, 862, 'A', 0, 1644249600),
(34014, 862, 863, 'A', 0, 1644249600),
(34015, 863, 864, 'A', 0, 1644249600),
(34016, 864, 865, 'A', 0, 1644249600),
(34017, 865, 866, 'A', 0, 1644249600),
(34018, 866, 867, 'A', 0, 1644249600),
(34019, 867, 868, 'A', 0, 1644249600),
(34020, 868, 869, 'A', 0, 1644249600),
(34021, 869, 870, 'A', 0, 1644249600),
(34022, 870, 871, 'A', 0, 1644249600),
(34023, 871, 872, 'A', 0, 1644249600),
(34024, 872, 873, 'A', 0, 1644249600),
(34025, 873, 874, 'A', 0, 1644249600),
(34026, 874, 875, 'A', 0, 1644249600),
(34027, 875, 876, 'A', 0, 1644249600),
(34028, 876, 877, 'A', 0, 1644249600),
(34029, 877, 878, 'A', 0, 1644249600),
(34030, 878, 879, 'A', 0, 1644249600),
(34031, 879, 880, 'A', 0, 1644249600),
(34032, 880, 881, 'A', 0, 1644249600),
(34033, 881, 882, 'A', 0, 1644249600),
(34034, 882, 883, 'A', 0, 1644249600),
(34035, 882, 884, 'A', 0, 1644249600),
(34036, 882, 885, 'A', 0, 1644249600),
(34037, 882, 886, 'B', 0, 1644249600),
(34038, 882, 887, 'B', 0, 1644249600),
(34039, 882, 888, 'B', 0, 1644249600),
(34040, 60, 849, 'A', 0, 1644336000),
(34041, 849, 850, 'A', 0, 1644336000),
(34042, 850, 851, 'A', 0, 1644336000),
(34043, 851, 852, 'A', 0, 1644336000),
(34044, 852, 853, 'A', 0, 1644336000),
(34045, 853, 854, 'A', 0, 1644336000),
(34046, 854, 855, 'A', 0, 1644336000),
(34047, 855, 856, 'A', 0, 1644336000),
(34048, 856, 857, 'A', 0, 1644336000),
(34049, 857, 858, 'A', 0, 1644336000),
(34050, 858, 859, 'A', 0, 1644336000),
(34051, 859, 860, 'A', 0, 1644336000),
(34052, 860, 861, 'A', 0, 1644336000),
(34053, 861, 862, 'A', 0, 1644336000),
(34054, 862, 863, 'A', 0, 1644336000),
(34055, 863, 864, 'A', 0, 1644336000),
(34056, 864, 865, 'A', 0, 1644336000),
(34057, 865, 866, 'A', 0, 1644336000),
(34058, 866, 867, 'A', 0, 1644336000),
(34059, 867, 868, 'A', 0, 1644336000),
(34060, 868, 869, 'A', 0, 1644336000),
(34061, 869, 870, 'A', 0, 1644336000),
(34062, 870, 871, 'A', 0, 1644336000),
(34063, 871, 872, 'A', 0, 1644336000),
(34064, 872, 873, 'A', 0, 1644336000),
(34065, 873, 874, 'A', 0, 1644336000),
(34066, 874, 875, 'A', 0, 1644336000),
(34067, 875, 876, 'A', 0, 1644336000),
(34068, 876, 877, 'A', 0, 1644336000),
(34069, 877, 878, 'A', 0, 1644336000),
(34070, 878, 879, 'A', 0, 1644336000),
(34071, 879, 880, 'A', 0, 1644336000),
(34072, 880, 881, 'A', 0, 1644336000),
(34073, 881, 882, 'A', 0, 1644336000),
(34074, 882, 883, 'A', 0, 1644336000),
(34075, 882, 884, 'A', 0, 1644336000),
(34076, 882, 885, 'A', 0, 1644336000),
(34077, 882, 886, 'B', 0, 1644336000),
(34078, 882, 887, 'B', 0, 1644336000),
(34079, 882, 888, 'B', 0, 1644336000),
(34080, 60, 849, 'A', 0, 1644336000),
(34081, 849, 850, 'A', 0, 1644336000),
(34082, 850, 851, 'A', 0, 1644336000),
(34083, 851, 852, 'A', 0, 1644336000),
(34084, 852, 853, 'A', 0, 1644336000),
(34085, 853, 854, 'A', 0, 1644336000),
(34086, 854, 855, 'A', 0, 1644336000),
(34087, 855, 856, 'A', 0, 1644336000),
(34088, 856, 857, 'A', 0, 1644336000),
(34089, 857, 858, 'A', 0, 1644336000),
(34090, 858, 859, 'A', 0, 1644336000),
(34091, 859, 860, 'A', 0, 1644336000),
(34092, 860, 861, 'A', 0, 1644336000),
(34093, 861, 862, 'A', 0, 1644336000),
(34094, 862, 863, 'A', 0, 1644336000),
(34095, 863, 864, 'A', 0, 1644336000),
(34096, 864, 865, 'A', 0, 1644336000),
(34097, 865, 866, 'A', 0, 1644336000),
(34098, 866, 867, 'A', 0, 1644336000),
(34099, 867, 868, 'A', 0, 1644336000),
(34100, 868, 869, 'A', 0, 1644336000),
(34101, 869, 870, 'A', 0, 1644336000),
(34102, 870, 871, 'A', 0, 1644336000),
(34103, 871, 872, 'A', 0, 1644336000),
(34104, 872, 873, 'A', 0, 1644336000),
(34105, 873, 874, 'A', 0, 1644336000),
(34106, 874, 875, 'A', 0, 1644336000),
(34107, 875, 876, 'A', 0, 1644336000),
(34108, 876, 877, 'A', 0, 1644336000),
(34109, 877, 878, 'A', 0, 1644336000),
(34110, 878, 879, 'A', 0, 1644336000),
(34111, 879, 880, 'A', 0, 1644336000),
(34112, 880, 881, 'A', 0, 1644336000),
(34113, 881, 882, 'A', 0, 1644336000),
(34114, 882, 883, 'A', 0, 1644336000),
(34115, 882, 884, 'A', 0, 1644336000),
(34116, 882, 885, 'A', 0, 1644336000),
(34117, 882, 886, 'B', 0, 1644336000),
(34118, 882, 887, 'B', 0, 1644336000),
(34119, 882, 888, 'B', 0, 1644336000),
(34120, 60, 849, 'A', 0, 1644422400),
(34121, 849, 850, 'A', 0, 1644422400),
(34122, 850, 851, 'A', 0, 1644422400),
(34123, 851, 852, 'A', 0, 1644422400),
(34124, 852, 853, 'A', 0, 1644422400),
(34125, 853, 854, 'A', 0, 1644422400),
(34126, 854, 855, 'A', 0, 1644422400),
(34127, 855, 856, 'A', 0, 1644422400),
(34128, 856, 857, 'A', 0, 1644422400),
(34129, 857, 858, 'A', 0, 1644422400),
(34130, 858, 859, 'A', 0, 1644422400),
(34131, 859, 860, 'A', 0, 1644422400),
(34132, 860, 861, 'A', 0, 1644422400),
(34133, 861, 862, 'A', 0, 1644422400),
(34134, 862, 863, 'A', 0, 1644422400),
(34135, 863, 864, 'A', 0, 1644422400),
(34136, 864, 865, 'A', 0, 1644422400),
(34137, 865, 866, 'A', 0, 1644422400),
(34138, 866, 867, 'A', 0, 1644422400),
(34139, 867, 868, 'A', 0, 1644422400),
(34140, 868, 869, 'A', 0, 1644422400),
(34141, 869, 870, 'A', 0, 1644422400),
(34142, 870, 871, 'A', 0, 1644422400),
(34143, 871, 872, 'A', 0, 1644422400),
(34144, 872, 873, 'A', 0, 1644422400),
(34145, 873, 874, 'A', 0, 1644422400),
(34146, 874, 875, 'A', 0, 1644422400),
(34147, 875, 876, 'A', 0, 1644422400),
(34148, 876, 877, 'A', 0, 1644422400),
(34149, 877, 878, 'A', 0, 1644422400),
(34150, 878, 879, 'A', 0, 1644422400),
(34151, 879, 880, 'A', 0, 1644422400),
(34152, 880, 881, 'A', 0, 1644422400),
(34153, 881, 882, 'A', 0, 1644422400),
(34154, 882, 883, 'A', 0, 1644422400),
(34155, 882, 884, 'A', 0, 1644422400),
(34156, 882, 885, 'A', 0, 1644422400),
(34157, 882, 886, 'B', 0, 1644422400),
(34158, 882, 887, 'B', 0, 1644422400),
(34159, 882, 888, 'B', 0, 1644422400),
(34160, 60, 849, 'A', 0, 1644422400),
(34161, 849, 850, 'A', 0, 1644422400),
(34162, 850, 851, 'A', 0, 1644422400),
(34163, 851, 852, 'A', 0, 1644422400),
(34164, 852, 853, 'A', 0, 1644422400),
(34165, 853, 854, 'A', 0, 1644422400),
(34166, 854, 855, 'A', 0, 1644422400),
(34167, 855, 856, 'A', 0, 1644422400),
(34168, 856, 857, 'A', 0, 1644422400),
(34169, 857, 858, 'A', 0, 1644422400),
(34170, 858, 859, 'A', 0, 1644422400),
(34171, 859, 860, 'A', 0, 1644422400),
(34172, 860, 861, 'A', 0, 1644422400),
(34173, 861, 862, 'A', 0, 1644422400),
(34174, 862, 863, 'A', 0, 1644422400),
(34175, 863, 864, 'A', 0, 1644422400),
(34176, 864, 865, 'A', 0, 1644422400),
(34177, 865, 866, 'A', 0, 1644422400),
(34178, 866, 867, 'A', 0, 1644422400),
(34179, 867, 868, 'A', 0, 1644422400),
(34180, 868, 869, 'A', 0, 1644422400),
(34181, 869, 870, 'A', 0, 1644422400),
(34182, 870, 871, 'A', 0, 1644422400),
(34183, 871, 872, 'A', 0, 1644422400),
(34184, 872, 873, 'A', 0, 1644422400),
(34185, 873, 874, 'A', 0, 1644422400),
(34186, 874, 875, 'A', 0, 1644422400),
(34187, 875, 876, 'A', 0, 1644422400),
(34188, 876, 877, 'A', 0, 1644422400),
(34189, 877, 878, 'A', 0, 1644422400),
(34190, 878, 879, 'A', 0, 1644422400),
(34191, 879, 880, 'A', 0, 1644422400),
(34192, 880, 881, 'A', 0, 1644422400),
(34193, 881, 882, 'A', 0, 1644422400),
(34194, 882, 883, 'A', 0, 1644422400),
(34195, 882, 884, 'A', 0, 1644422400),
(34196, 882, 885, 'A', 0, 1644422400),
(34197, 882, 886, 'B', 0, 1644422400),
(34198, 882, 887, 'B', 0, 1644422400),
(34199, 882, 888, 'B', 0, 1644422400),
(34200, 60, 849, 'A', 0, 1644508800),
(34201, 849, 850, 'A', 0, 1644508800),
(34202, 850, 851, 'A', 0, 1644508800),
(34203, 851, 852, 'A', 0, 1644508800),
(34204, 852, 853, 'A', 0, 1644508800),
(34205, 853, 854, 'A', 0, 1644508800),
(34206, 854, 855, 'A', 0, 1644508800),
(34207, 855, 856, 'A', 0, 1644508800),
(34208, 856, 857, 'A', 0, 1644508800),
(34209, 857, 858, 'A', 0, 1644508800),
(34210, 858, 859, 'A', 0, 1644508800),
(34211, 859, 860, 'A', 0, 1644508800),
(34212, 860, 861, 'A', 0, 1644508800),
(34213, 861, 862, 'A', 0, 1644508800),
(34214, 862, 863, 'A', 0, 1644508800),
(34215, 863, 864, 'A', 0, 1644508800),
(34216, 864, 865, 'A', 0, 1644508800),
(34217, 865, 866, 'A', 0, 1644508800),
(34218, 866, 867, 'A', 0, 1644508800),
(34219, 867, 868, 'A', 0, 1644508800),
(34220, 868, 869, 'A', 0, 1644508800),
(34221, 869, 870, 'A', 0, 1644508800),
(34222, 870, 871, 'A', 0, 1644508800),
(34223, 871, 872, 'A', 0, 1644508800),
(34224, 872, 873, 'A', 0, 1644508800),
(34225, 873, 874, 'A', 0, 1644508800),
(34226, 874, 875, 'A', 0, 1644508800),
(34227, 875, 876, 'A', 0, 1644508800),
(34228, 876, 877, 'A', 0, 1644508800),
(34229, 877, 878, 'A', 0, 1644508800),
(34230, 878, 879, 'A', 0, 1644508800),
(34231, 879, 880, 'A', 0, 1644508800),
(34232, 880, 881, 'A', 0, 1644508800),
(34233, 881, 882, 'A', 0, 1644508800),
(34234, 882, 883, 'A', 0, 1644508800),
(34235, 882, 884, 'A', 0, 1644508800),
(34236, 882, 885, 'A', 0, 1644508800),
(34237, 882, 886, 'B', 0, 1644508800),
(34238, 882, 887, 'B', 0, 1644508800),
(34239, 882, 888, 'B', 0, 1644508800),
(34240, 60, 849, 'A', 0, 1644508800),
(34241, 849, 850, 'A', 0, 1644508800),
(34242, 850, 851, 'A', 0, 1644508800),
(34243, 851, 852, 'A', 0, 1644508800),
(34244, 852, 853, 'A', 0, 1644508800),
(34245, 853, 854, 'A', 0, 1644508800),
(34246, 854, 855, 'A', 0, 1644508800),
(34247, 855, 856, 'A', 0, 1644508800),
(34248, 856, 857, 'A', 0, 1644508800),
(34249, 857, 858, 'A', 0, 1644508800),
(34250, 858, 859, 'A', 0, 1644508800),
(34251, 859, 860, 'A', 0, 1644508800),
(34252, 860, 861, 'A', 0, 1644508800),
(34253, 861, 862, 'A', 0, 1644508800),
(34254, 862, 863, 'A', 0, 1644508800),
(34255, 863, 864, 'A', 0, 1644508800),
(34256, 864, 865, 'A', 0, 1644508800),
(34257, 865, 866, 'A', 0, 1644508800),
(34258, 866, 867, 'A', 0, 1644508800),
(34259, 867, 868, 'A', 0, 1644508800),
(34260, 868, 869, 'A', 0, 1644508800),
(34261, 869, 870, 'A', 0, 1644508800),
(34262, 870, 871, 'A', 0, 1644508800),
(34263, 871, 872, 'A', 0, 1644508800),
(34264, 872, 873, 'A', 0, 1644508800),
(34265, 873, 874, 'A', 0, 1644508800),
(34266, 874, 875, 'A', 0, 1644508800),
(34267, 875, 876, 'A', 0, 1644508800),
(34268, 876, 877, 'A', 0, 1644508800),
(34269, 877, 878, 'A', 0, 1644508800),
(34270, 878, 879, 'A', 0, 1644508800),
(34271, 879, 880, 'A', 0, 1644508800),
(34272, 880, 881, 'A', 0, 1644508800),
(34273, 881, 882, 'A', 0, 1644508800),
(34274, 882, 883, 'A', 0, 1644508800),
(34275, 882, 884, 'A', 0, 1644508800),
(34276, 882, 885, 'A', 0, 1644508800),
(34277, 882, 886, 'B', 0, 1644508800),
(34278, 882, 887, 'B', 0, 1644508800),
(34279, 882, 888, 'B', 0, 1644508800),
(34280, 60, 849, 'A', 0, 1644595200),
(34281, 849, 850, 'A', 0, 1644595200),
(34282, 850, 851, 'A', 0, 1644595200),
(34283, 851, 852, 'A', 0, 1644595200),
(34284, 852, 853, 'A', 0, 1644595200),
(34285, 853, 854, 'A', 0, 1644595200),
(34286, 854, 855, 'A', 0, 1644595200),
(34287, 855, 856, 'A', 0, 1644595200),
(34288, 856, 857, 'A', 0, 1644595200),
(34289, 857, 858, 'A', 0, 1644595200),
(34290, 858, 859, 'A', 0, 1644595200),
(34291, 859, 860, 'A', 0, 1644595200),
(34292, 860, 861, 'A', 0, 1644595200),
(34293, 861, 862, 'A', 0, 1644595200),
(34294, 862, 863, 'A', 0, 1644595200),
(34295, 863, 864, 'A', 0, 1644595200),
(34296, 864, 865, 'A', 0, 1644595200),
(34297, 865, 866, 'A', 0, 1644595200),
(34298, 866, 867, 'A', 0, 1644595200),
(34299, 867, 868, 'A', 0, 1644595200),
(34300, 868, 869, 'A', 0, 1644595200),
(34301, 869, 870, 'A', 0, 1644595200),
(34302, 870, 871, 'A', 0, 1644595200),
(34303, 871, 872, 'A', 0, 1644595200),
(34304, 872, 873, 'A', 0, 1644595200),
(34305, 873, 874, 'A', 0, 1644595200),
(34306, 874, 875, 'A', 0, 1644595200),
(34307, 875, 876, 'A', 0, 1644595200),
(34308, 876, 877, 'A', 0, 1644595200),
(34309, 877, 878, 'A', 0, 1644595200),
(34310, 878, 879, 'A', 0, 1644595200),
(34311, 879, 880, 'A', 0, 1644595200),
(34312, 880, 881, 'A', 0, 1644595200),
(34313, 881, 882, 'A', 0, 1644595200),
(34314, 882, 883, 'A', 0, 1644595200),
(34315, 882, 884, 'A', 0, 1644595200),
(34316, 882, 885, 'A', 0, 1644595200),
(34317, 882, 886, 'B', 0, 1644595200),
(34318, 882, 887, 'B', 0, 1644595200),
(34319, 882, 888, 'B', 0, 1644595200),
(34320, 60, 849, 'A', 0, 1644595200),
(34321, 849, 850, 'A', 0, 1644595200),
(34322, 850, 851, 'A', 0, 1644595200),
(34323, 851, 852, 'A', 0, 1644595200),
(34324, 852, 853, 'A', 0, 1644595200),
(34325, 853, 854, 'A', 0, 1644595200),
(34326, 854, 855, 'A', 0, 1644595200),
(34327, 855, 856, 'A', 0, 1644595200),
(34328, 856, 857, 'A', 0, 1644595200),
(34329, 857, 858, 'A', 0, 1644595200),
(34330, 858, 859, 'A', 0, 1644595200),
(34331, 859, 860, 'A', 0, 1644595200),
(34332, 860, 861, 'A', 0, 1644595200),
(34333, 861, 862, 'A', 0, 1644595200),
(34334, 862, 863, 'A', 0, 1644595200),
(34335, 863, 864, 'A', 0, 1644595200),
(34336, 864, 865, 'A', 0, 1644595200),
(34337, 865, 866, 'A', 0, 1644595200),
(34338, 866, 867, 'A', 0, 1644595200),
(34339, 867, 868, 'A', 0, 1644595200),
(34340, 868, 869, 'A', 0, 1644595200),
(34341, 869, 870, 'A', 0, 1644595200),
(34342, 870, 871, 'A', 0, 1644595200),
(34343, 871, 872, 'A', 0, 1644595200),
(34344, 872, 873, 'A', 0, 1644595200),
(34345, 873, 874, 'A', 0, 1644595200),
(34346, 874, 875, 'A', 0, 1644595200),
(34347, 875, 876, 'A', 0, 1644595200),
(34348, 876, 877, 'A', 0, 1644595200),
(34349, 877, 878, 'A', 0, 1644595200),
(34350, 878, 879, 'A', 0, 1644595200),
(34351, 879, 880, 'A', 0, 1644595200),
(34352, 880, 881, 'A', 0, 1644595200),
(34353, 881, 882, 'A', 0, 1644595200),
(34354, 882, 883, 'A', 0, 1644595200),
(34355, 882, 884, 'A', 0, 1644595200),
(34356, 882, 885, 'A', 0, 1644595200),
(34357, 882, 886, 'B', 0, 1644595200),
(34358, 882, 887, 'B', 0, 1644595200),
(34359, 882, 888, 'B', 0, 1644595200),
(34360, 60, 849, 'A', 0, 1644681600),
(34361, 849, 850, 'A', 0, 1644681600),
(34362, 850, 851, 'A', 0, 1644681600),
(34363, 851, 852, 'A', 0, 1644681600),
(34364, 852, 853, 'A', 0, 1644681600),
(34365, 853, 854, 'A', 0, 1644681600),
(34366, 854, 855, 'A', 0, 1644681600),
(34367, 855, 856, 'A', 0, 1644681600),
(34368, 856, 857, 'A', 0, 1644681600),
(34369, 857, 858, 'A', 0, 1644681600),
(34370, 858, 859, 'A', 0, 1644681600),
(34371, 859, 860, 'A', 0, 1644681600),
(34372, 860, 861, 'A', 0, 1644681600),
(34373, 861, 862, 'A', 0, 1644681600),
(34374, 862, 863, 'A', 0, 1644681600),
(34375, 863, 864, 'A', 0, 1644681600),
(34376, 864, 865, 'A', 0, 1644681600),
(34377, 865, 866, 'A', 0, 1644681600),
(34378, 866, 867, 'A', 0, 1644681600),
(34379, 867, 868, 'A', 0, 1644681600),
(34380, 868, 869, 'A', 0, 1644681600),
(34381, 869, 870, 'A', 0, 1644681600),
(34382, 870, 871, 'A', 0, 1644681600),
(34383, 871, 872, 'A', 0, 1644681600),
(34384, 872, 873, 'A', 0, 1644681600),
(34385, 873, 874, 'A', 0, 1644681600),
(34386, 874, 875, 'A', 0, 1644681600),
(34387, 875, 876, 'A', 0, 1644681600),
(34388, 876, 877, 'A', 0, 1644681600),
(34389, 877, 878, 'A', 0, 1644681600),
(34390, 878, 879, 'A', 0, 1644681600),
(34391, 879, 880, 'A', 0, 1644681600),
(34392, 880, 881, 'A', 0, 1644681600),
(34393, 881, 882, 'A', 0, 1644681600),
(34394, 882, 883, 'A', 0, 1644681600),
(34395, 882, 884, 'A', 0, 1644681600),
(34396, 882, 885, 'A', 0, 1644681600),
(34397, 882, 886, 'B', 0, 1644681600),
(34398, 882, 887, 'B', 0, 1644681600),
(34399, 882, 888, 'B', 0, 1644681600),
(34400, 60, 849, 'A', 0, 1644681600),
(34401, 849, 850, 'A', 0, 1644681600),
(34402, 850, 851, 'A', 0, 1644681600),
(34403, 851, 852, 'A', 0, 1644681600),
(34404, 852, 853, 'A', 0, 1644681600),
(34405, 853, 854, 'A', 0, 1644681600),
(34406, 854, 855, 'A', 0, 1644681600),
(34407, 855, 856, 'A', 0, 1644681600),
(34408, 856, 857, 'A', 0, 1644681600),
(34409, 857, 858, 'A', 0, 1644681600),
(34410, 858, 859, 'A', 0, 1644681600),
(34411, 859, 860, 'A', 0, 1644681600),
(34412, 860, 861, 'A', 0, 1644681600),
(34413, 861, 862, 'A', 0, 1644681600),
(34414, 862, 863, 'A', 0, 1644681600),
(34415, 863, 864, 'A', 0, 1644681600),
(34416, 864, 865, 'A', 0, 1644681600),
(34417, 865, 866, 'A', 0, 1644681600),
(34418, 866, 867, 'A', 0, 1644681600),
(34419, 867, 868, 'A', 0, 1644681600),
(34420, 868, 869, 'A', 0, 1644681600),
(34421, 869, 870, 'A', 0, 1644681600),
(34422, 870, 871, 'A', 0, 1644681600),
(34423, 871, 872, 'A', 0, 1644681600),
(34424, 872, 873, 'A', 0, 1644681600),
(34425, 873, 874, 'A', 0, 1644681600),
(34426, 874, 875, 'A', 0, 1644681600),
(34427, 875, 876, 'A', 0, 1644681600),
(34428, 876, 877, 'A', 0, 1644681600),
(34429, 877, 878, 'A', 0, 1644681600),
(34430, 878, 879, 'A', 0, 1644681600),
(34431, 879, 880, 'A', 0, 1644681600),
(34432, 880, 881, 'A', 0, 1644681600),
(34433, 881, 882, 'A', 0, 1644681600),
(34434, 882, 883, 'A', 0, 1644681600),
(34435, 882, 884, 'A', 0, 1644681600),
(34436, 882, 885, 'A', 0, 1644681600),
(34437, 882, 886, 'B', 0, 1644681600),
(34438, 882, 887, 'B', 0, 1644681600),
(34439, 882, 888, 'B', 0, 1644681600),
(34440, 60, 849, 'A', 0, 1644768000),
(34441, 849, 850, 'A', 0, 1644768000),
(34442, 850, 851, 'A', 0, 1644768000),
(34443, 851, 852, 'A', 0, 1644768000),
(34444, 852, 853, 'A', 0, 1644768000),
(34445, 853, 854, 'A', 0, 1644768000),
(34446, 854, 855, 'A', 0, 1644768000),
(34447, 855, 856, 'A', 0, 1644768000),
(34448, 856, 857, 'A', 0, 1644768000),
(34449, 857, 858, 'A', 0, 1644768000),
(34450, 858, 859, 'A', 0, 1644768000),
(34451, 859, 860, 'A', 0, 1644768000),
(34452, 860, 861, 'A', 0, 1644768000),
(34453, 861, 862, 'A', 0, 1644768000),
(34454, 862, 863, 'A', 0, 1644768000),
(34455, 863, 864, 'A', 0, 1644768000),
(34456, 864, 865, 'A', 0, 1644768000),
(34457, 865, 866, 'A', 0, 1644768000),
(34458, 866, 867, 'A', 0, 1644768000),
(34459, 867, 868, 'A', 0, 1644768000),
(34460, 868, 869, 'A', 0, 1644768000),
(34461, 869, 870, 'A', 0, 1644768000),
(34462, 870, 871, 'A', 0, 1644768000),
(34463, 871, 872, 'A', 0, 1644768000),
(34464, 872, 873, 'A', 0, 1644768000),
(34465, 873, 874, 'A', 0, 1644768000),
(34466, 874, 875, 'A', 0, 1644768000),
(34467, 875, 876, 'A', 0, 1644768000),
(34468, 876, 877, 'A', 0, 1644768000),
(34469, 877, 878, 'A', 0, 1644768000),
(34470, 878, 879, 'A', 0, 1644768000),
(34471, 879, 880, 'A', 0, 1644768000),
(34472, 880, 881, 'A', 0, 1644768000),
(34473, 881, 882, 'A', 0, 1644768000),
(34474, 882, 883, 'A', 0, 1644768000),
(34475, 882, 884, 'A', 0, 1644768000),
(34476, 882, 885, 'A', 0, 1644768000),
(34477, 882, 886, 'B', 0, 1644768000),
(34478, 882, 887, 'B', 0, 1644768000),
(34479, 882, 888, 'B', 0, 1644768000),
(34480, 60, 849, 'A', 0, 1644768000),
(34481, 849, 850, 'A', 0, 1644768000),
(34482, 850, 851, 'A', 0, 1644768000),
(34483, 851, 852, 'A', 0, 1644768000),
(34484, 852, 853, 'A', 0, 1644768000),
(34485, 853, 854, 'A', 0, 1644768000),
(34486, 854, 855, 'A', 0, 1644768000),
(34487, 855, 856, 'A', 0, 1644768000),
(34488, 856, 857, 'A', 0, 1644768000),
(34489, 857, 858, 'A', 0, 1644768000),
(34490, 858, 859, 'A', 0, 1644768000),
(34491, 859, 860, 'A', 0, 1644768000),
(34492, 860, 861, 'A', 0, 1644768000),
(34493, 861, 862, 'A', 0, 1644768000),
(34494, 862, 863, 'A', 0, 1644768000),
(34495, 863, 864, 'A', 0, 1644768000),
(34496, 864, 865, 'A', 0, 1644768000),
(34497, 865, 866, 'A', 0, 1644768000),
(34498, 866, 867, 'A', 0, 1644768000),
(34499, 867, 868, 'A', 0, 1644768000),
(34500, 868, 869, 'A', 0, 1644768000),
(34501, 869, 870, 'A', 0, 1644768000),
(34502, 870, 871, 'A', 0, 1644768000),
(34503, 871, 872, 'A', 0, 1644768000),
(34504, 872, 873, 'A', 0, 1644768000),
(34505, 873, 874, 'A', 0, 1644768000),
(34506, 874, 875, 'A', 0, 1644768000),
(34507, 875, 876, 'A', 0, 1644768000),
(34508, 876, 877, 'A', 0, 1644768000),
(34509, 877, 878, 'A', 0, 1644768000),
(34510, 878, 879, 'A', 0, 1644768000),
(34511, 879, 880, 'A', 0, 1644768000),
(34512, 880, 881, 'A', 0, 1644768000),
(34513, 881, 882, 'A', 0, 1644768000),
(34514, 882, 883, 'A', 0, 1644768000),
(34515, 882, 884, 'A', 0, 1644768000),
(34516, 882, 885, 'A', 0, 1644768000),
(34517, 882, 886, 'B', 0, 1644768000),
(34518, 882, 887, 'B', 0, 1644768000),
(34519, 882, 888, 'B', 0, 1644768000),
(34520, 60, 849, 'A', 0, 1644854400),
(34521, 849, 850, 'A', 0, 1644854400),
(34522, 850, 851, 'A', 0, 1644854400),
(34523, 851, 852, 'A', 0, 1644854400),
(34524, 852, 853, 'A', 0, 1644854400),
(34525, 853, 854, 'A', 0, 1644854400),
(34526, 854, 855, 'A', 0, 1644854400),
(34527, 855, 856, 'A', 0, 1644854400),
(34528, 856, 857, 'A', 0, 1644854400),
(34529, 857, 858, 'A', 0, 1644854400),
(34530, 858, 859, 'A', 0, 1644854400),
(34531, 859, 860, 'A', 0, 1644854400),
(34532, 860, 861, 'A', 0, 1644854400),
(34533, 861, 862, 'A', 0, 1644854400),
(34534, 862, 863, 'A', 0, 1644854400),
(34535, 863, 864, 'A', 0, 1644854400),
(34536, 864, 865, 'A', 0, 1644854400),
(34537, 865, 866, 'A', 0, 1644854400),
(34538, 866, 867, 'A', 0, 1644854400),
(34539, 867, 868, 'A', 0, 1644854400),
(34540, 868, 869, 'A', 0, 1644854400),
(34541, 869, 870, 'A', 0, 1644854400),
(34542, 870, 871, 'A', 0, 1644854400),
(34543, 871, 872, 'A', 0, 1644854400),
(34544, 872, 873, 'A', 0, 1644854400),
(34545, 873, 874, 'A', 0, 1644854400),
(34546, 874, 875, 'A', 0, 1644854400),
(34547, 875, 876, 'A', 0, 1644854400),
(34548, 876, 877, 'A', 0, 1644854400),
(34549, 877, 878, 'A', 0, 1644854400),
(34550, 878, 879, 'A', 0, 1644854400),
(34551, 879, 880, 'A', 0, 1644854400),
(34552, 880, 881, 'A', 0, 1644854400),
(34553, 881, 882, 'A', 0, 1644854400),
(34554, 882, 883, 'A', 0, 1644854400),
(34555, 882, 884, 'A', 0, 1644854400),
(34556, 882, 885, 'A', 0, 1644854400),
(34557, 882, 886, 'B', 0, 1644854400),
(34558, 882, 887, 'B', 0, 1644854400),
(34559, 882, 888, 'B', 0, 1644854400),
(34560, 60, 849, 'A', 0, 1644854400),
(34561, 849, 850, 'A', 0, 1644854400),
(34562, 850, 851, 'A', 0, 1644854400),
(34563, 851, 852, 'A', 0, 1644854400),
(34564, 852, 853, 'A', 0, 1644854400),
(34565, 853, 854, 'A', 0, 1644854400),
(34566, 854, 855, 'A', 0, 1644854400),
(34567, 855, 856, 'A', 0, 1644854400),
(34568, 856, 857, 'A', 0, 1644854400),
(34569, 857, 858, 'A', 0, 1644854400),
(34570, 858, 859, 'A', 0, 1644854400),
(34571, 859, 860, 'A', 0, 1644854400),
(34572, 860, 861, 'A', 0, 1644854400),
(34573, 861, 862, 'A', 0, 1644854400),
(34574, 862, 863, 'A', 0, 1644854400),
(34575, 863, 864, 'A', 0, 1644854400),
(34576, 864, 865, 'A', 0, 1644854400),
(34577, 865, 866, 'A', 0, 1644854400),
(34578, 866, 867, 'A', 0, 1644854400),
(34579, 867, 868, 'A', 0, 1644854400),
(34580, 868, 869, 'A', 0, 1644854400),
(34581, 869, 870, 'A', 0, 1644854400),
(34582, 870, 871, 'A', 0, 1644854400),
(34583, 871, 872, 'A', 0, 1644854400),
(34584, 872, 873, 'A', 0, 1644854400),
(34585, 873, 874, 'A', 0, 1644854400),
(34586, 874, 875, 'A', 0, 1644854400),
(34587, 875, 876, 'A', 0, 1644854400),
(34588, 876, 877, 'A', 0, 1644854400),
(34589, 877, 878, 'A', 0, 1644854400),
(34590, 878, 879, 'A', 0, 1644854400),
(34591, 879, 880, 'A', 0, 1644854400),
(34592, 880, 881, 'A', 0, 1644854400),
(34593, 881, 882, 'A', 0, 1644854400),
(34594, 882, 883, 'A', 0, 1644854400),
(34595, 882, 884, 'A', 0, 1644854400),
(34596, 882, 885, 'A', 0, 1644854400),
(34597, 882, 886, 'B', 0, 1644854400),
(34598, 882, 887, 'B', 0, 1644854400),
(34599, 882, 888, 'B', 0, 1644854400),
(34600, 60, 849, 'A', 0, 1644940800),
(34601, 849, 850, 'A', 0, 1644940800),
(34602, 850, 851, 'A', 0, 1644940800),
(34603, 851, 852, 'A', 0, 1644940800),
(34604, 852, 853, 'A', 0, 1644940800),
(34605, 853, 854, 'A', 0, 1644940800),
(34606, 854, 855, 'A', 0, 1644940800),
(34607, 855, 856, 'A', 0, 1644940800),
(34608, 856, 857, 'A', 0, 1644940800),
(34609, 857, 858, 'A', 0, 1644940800),
(34610, 858, 859, 'A', 0, 1644940800),
(34611, 859, 860, 'A', 0, 1644940800),
(34612, 860, 861, 'A', 0, 1644940800),
(34613, 861, 862, 'A', 0, 1644940800),
(34614, 862, 863, 'A', 0, 1644940800),
(34615, 863, 864, 'A', 0, 1644940800),
(34616, 864, 865, 'A', 0, 1644940800),
(34617, 865, 866, 'A', 0, 1644940800),
(34618, 866, 867, 'A', 0, 1644940800),
(34619, 867, 868, 'A', 0, 1644940800),
(34620, 868, 869, 'A', 0, 1644940800),
(34621, 869, 870, 'A', 0, 1644940800),
(34622, 870, 871, 'A', 0, 1644940800),
(34623, 871, 872, 'A', 0, 1644940800),
(34624, 872, 873, 'A', 0, 1644940800),
(34625, 873, 874, 'A', 0, 1644940800),
(34626, 874, 875, 'A', 0, 1644940800),
(34627, 875, 876, 'A', 0, 1644940800),
(34628, 876, 877, 'A', 0, 1644940800),
(34629, 877, 878, 'A', 0, 1644940800),
(34630, 878, 879, 'A', 0, 1644940800),
(34631, 879, 880, 'A', 0, 1644940800),
(34632, 880, 881, 'A', 0, 1644940800),
(34633, 881, 882, 'A', 0, 1644940800),
(34634, 882, 883, 'A', 0, 1644940800),
(34635, 882, 884, 'A', 0, 1644940800),
(34636, 882, 885, 'A', 0, 1644940800),
(34637, 882, 886, 'B', 0, 1644940800),
(34638, 882, 887, 'B', 0, 1644940800),
(34639, 882, 888, 'B', 0, 1644940800),
(34640, 60, 849, 'A', 0, 1644940800),
(34641, 849, 850, 'A', 0, 1644940800),
(34642, 850, 851, 'A', 0, 1644940800),
(34643, 851, 852, 'A', 0, 1644940800),
(34644, 852, 853, 'A', 0, 1644940800),
(34645, 853, 854, 'A', 0, 1644940800),
(34646, 854, 855, 'A', 0, 1644940800),
(34647, 855, 856, 'A', 0, 1644940800),
(34648, 856, 857, 'A', 0, 1644940800),
(34649, 857, 858, 'A', 0, 1644940800),
(34650, 858, 859, 'A', 0, 1644940800),
(34651, 859, 860, 'A', 0, 1644940800),
(34652, 860, 861, 'A', 0, 1644940800),
(34653, 861, 862, 'A', 0, 1644940800),
(34654, 862, 863, 'A', 0, 1644940800),
(34655, 863, 864, 'A', 0, 1644940800),
(34656, 864, 865, 'A', 0, 1644940800),
(34657, 865, 866, 'A', 0, 1644940800),
(34658, 866, 867, 'A', 0, 1644940800),
(34659, 867, 868, 'A', 0, 1644940800),
(34660, 868, 869, 'A', 0, 1644940800),
(34661, 869, 870, 'A', 0, 1644940800),
(34662, 870, 871, 'A', 0, 1644940800),
(34663, 871, 872, 'A', 0, 1644940800),
(34664, 872, 873, 'A', 0, 1644940800),
(34665, 873, 874, 'A', 0, 1644940800),
(34666, 874, 875, 'A', 0, 1644940800),
(34667, 875, 876, 'A', 0, 1644940800),
(34668, 876, 877, 'A', 0, 1644940800),
(34669, 877, 878, 'A', 0, 1644940800),
(34670, 878, 879, 'A', 0, 1644940800),
(34671, 879, 880, 'A', 0, 1644940800),
(34672, 880, 881, 'A', 0, 1644940800),
(34673, 881, 882, 'A', 0, 1644940800),
(34674, 882, 883, 'A', 0, 1644940800),
(34675, 882, 884, 'A', 0, 1644940800),
(34676, 882, 885, 'A', 0, 1644940800),
(34677, 882, 886, 'B', 0, 1644940800),
(34678, 882, 887, 'B', 0, 1644940800),
(34679, 882, 888, 'B', 0, 1644940800),
(34680, 60, 849, 'A', 0, 1645027200),
(34681, 849, 850, 'A', 0, 1645027200),
(34682, 850, 851, 'A', 0, 1645027200),
(34683, 851, 852, 'A', 0, 1645027200),
(34684, 852, 853, 'A', 0, 1645027200),
(34685, 853, 854, 'A', 0, 1645027200),
(34686, 854, 855, 'A', 0, 1645027200),
(34687, 855, 856, 'A', 0, 1645027200),
(34688, 856, 857, 'A', 0, 1645027200),
(34689, 857, 858, 'A', 0, 1645027200),
(34690, 858, 859, 'A', 0, 1645027200),
(34691, 859, 860, 'A', 0, 1645027200),
(34692, 860, 861, 'A', 0, 1645027200),
(34693, 861, 862, 'A', 0, 1645027200),
(34694, 862, 863, 'A', 0, 1645027200),
(34695, 863, 864, 'A', 0, 1645027200),
(34696, 864, 865, 'A', 0, 1645027200),
(34697, 865, 866, 'A', 0, 1645027200),
(34698, 866, 867, 'A', 0, 1645027200),
(34699, 867, 868, 'A', 0, 1645027200),
(34700, 868, 869, 'A', 0, 1645027200),
(34701, 869, 870, 'A', 0, 1645027200),
(34702, 870, 871, 'A', 0, 1645027200),
(34703, 871, 872, 'A', 0, 1645027200),
(34704, 872, 873, 'A', 0, 1645027200),
(34705, 873, 874, 'A', 0, 1645027200),
(34706, 874, 875, 'A', 0, 1645027200),
(34707, 875, 876, 'A', 0, 1645027200),
(34708, 876, 877, 'A', 0, 1645027200),
(34709, 877, 878, 'A', 0, 1645027200),
(34710, 878, 879, 'A', 0, 1645027200),
(34711, 879, 880, 'A', 0, 1645027200),
(34712, 880, 881, 'A', 0, 1645027200),
(34713, 881, 882, 'A', 0, 1645027200),
(34714, 882, 883, 'A', 0, 1645027200),
(34715, 882, 884, 'A', 0, 1645027200),
(34716, 882, 885, 'A', 0, 1645027200),
(34717, 882, 886, 'B', 0, 1645027200),
(34718, 882, 887, 'B', 0, 1645027200),
(34719, 882, 888, 'B', 0, 1645027200);

-- --------------------------------------------------------

--
-- Table structure for table `bonus_minpairing`
--

CREATE TABLE `bonus_minpairing` (
  `id` int(11) NOT NULL,
  `user_id` int(11) NOT NULL,
  `user_sponsor` int(11) NOT NULL,
  `member_sponsor` int(11) NOT NULL,
  `generation` varchar(4) NOT NULL,
  `team` varchar(1) NOT NULL,
  `amount` double NOT NULL,
  `datecreate` int(11) NOT NULL
) ENGINE=InnoDB DEFAULT CHARSET=latin1;

-- --------------------------------------------------------

--
-- Table structure for table `bonus_sm`
--

CREATE TABLE `bonus_sm` (
  `id` int(11) NOT NULL,
  `user_id` int(11) NOT NULL,
  `cart_id` int(11) NOT NULL,
  `code_bonus` varchar(10) NOT NULL,
  `filecoin` double NOT NULL,
  `mtm` double NOT NULL,
  `zenx` double NOT NULL,
  `datecreate` int(11) NOT NULL
) ENGINE=InnoDB DEFAULT CHARSET=latin1;

--
-- Dumping data for table `bonus_sm`
--

INSERT INTO `bonus_sm` (`id`, `user_id`, `cart_id`, `code_bonus`, `filecoin`, `mtm`, `zenx`, `datecreate`) VALUES
(617, 60, 1029, 'A', 0.015625, 0, 1.9428125, 1640757739),
(618, 849, 1030, 'A', 0.046875, 0, 16.9510875, 1640758087),
(619, 850, 1031, 'A', 0.015625, 0, 5.6503625, 1640758355),
(620, 851, 1032, 'A', 0.140625, 0, 50.8532625, 1640758706),
(621, 852, 1033, 'A', 0.015625, 0, 5.6503625, 1640758841),
(622, 853, 1034, 'A', 0.046875, 0, 16.9510875, 1640759238),
(623, 854, 1035, 'B', 0.196875, 0, 71.1945675, 1640759325),
(624, 855, 1036, 'A', 0.015625, 0, 5.6503625, 1640759496),
(625, 856, 1037, 'A', 0.015625, 0, 5.6503625, 1640759627),
(626, 857, 1038, 'A', 0.015625, 0, 5.6503625, 1640759755),
(627, 858, 1039, 'A', 0.015625, 0, 5.6503625, 1640759925),
(628, 859, 1040, 'B', 0.196875, 0, 71.1945675, 1640760010),
(629, 860, 1041, 'B', 0.196875, 0, 71.1945675, 1640760118),
(630, 861, 1042, 'B', 0.196875, 0, 71.1945675, 1640760202),
(631, 862, 1043, 'B', 0.196875, 0, 71.1945675, 1640760654),
(632, 863, 1044, 'B', 0.196875, 0, 71.1945675, 1640760732),
(633, 864, 1045, 'B', 0.196875, 0, 71.1945675, 1640760806),
(634, 865, 1046, 'B', 0.196875, 0, 71.1945675, 1640761005),
(635, 866, 1047, 'B', 0.196875, 0, 71.1945675, 1640761309),
(636, 867, 1048, 'B', 0.196875, 0, 71.1945675, 1640761459),
(637, 868, 1049, 'B', 0.196875, 0, 71.1945675, 1640761534),
(638, 869, 1050, 'B', 0.196875, 0, 71.1945675, 1640761758),
(639, 870, 1051, 'B', 0.196875, 0, 71.1945675, 1640761835),
(640, 871, 1052, 'B', 0.196875, 0, 71.1945675, 1640761980),
(641, 872, 1053, 'B', 0.196875, 0, 71.1945675, 1640762084),
(642, 873, 1054, 'B', 0.196875, 0, 71.1945675, 1640762472),
(643, 874, 1055, 'B', 0.196875, 0, 71.1945675, 1640762561),
(644, 875, 1056, 'B', 0.196875, 0, 71.1945675, 1640762650),
(645, 876, 1057, 'B', 0.196875, 0, 71.1945675, 1640762731),
(646, 877, 1058, 'B', 0.196875, 0, 71.1945675, 1640762832),
(647, 878, 1059, 'B', 0.196875, 0, 71.1945675, 1640762932),
(648, 879, 1060, 'B', 0.196875, 0, 71.1945675, 1640763077),
(649, 880, 1061, 'B', 0.196875, 0, 71.1945675, 1640763184),
(650, 881, 1062, 'B', 0.196875, 0, 71.1945675, 1640764826),
(651, 881, 1063, 'B', 0.196875, 0, 71.1945675, 1640765282),
(652, 881, 1064, 'B', 0.196875, 0, 71.1945675, 1640767803),
(653, 881, 1065, 'B', 0.196875, 0, 71.1945675, 1640767928),
(654, 881, 1066, 'B', 0.196875, 0, 71.1945675, 1640768056),
(655, 881, 1067, 'B', 0.196875, 0, 71.1945675, 1640768155);

-- --------------------------------------------------------

--
-- Table structure for table `bonus_transfer_general`
--

CREATE TABLE `bonus_transfer_general` (
  `id` int(11) NOT NULL,
  `user_id` int(11) NOT NULL,
  `coin_type` varchar(15) NOT NULL,
  `amount` float NOT NULL,
  `datecreate` int(11) NOT NULL
) ENGINE=InnoDB DEFAULT CHARSET=latin1;

--
-- Dumping data for table `bonus_transfer_general`
--

INSERT INTO `bonus_transfer_general` (`id`, `user_id`, `coin_type`, `amount`, `datecreate`) VALUES
(7, 882, 'filecoin', 3.375, 1640769337),
(8, 882, 'zenx', 1220.48, 1640769698);

-- --------------------------------------------------------

--
-- Table structure for table `cart`
--

CREATE TABLE `cart` (
  `id` int(11) NOT NULL,
  `package_id` int(11) NOT NULL,
  `user_id` int(11) NOT NULL,
  `fill` double NOT NULL DEFAULT 0,
  `usdt` double NOT NULL DEFAULT 0,
  `mtm` double NOT NULL DEFAULT 0,
  `zenx` double NOT NULL DEFAULT 0,
  `matching_id` int(11) NOT NULL,
  `sponsor_id` int(11) NOT NULL,
  `position_id` int(11) NOT NULL,
  `line` varchar(1) NOT NULL,
  `note` varchar(255) DEFAULT NULL,
  `pause_min` varchar(1) NOT NULL DEFAULT '',
  `is_payment` int(11) NOT NULL DEFAULT 0,
  `datecreate` int(11) NOT NULL,
  `update_date` int(11) NOT NULL DEFAULT 0
) ENGINE=InnoDB DEFAULT CHARSET=latin1;

--
-- Dumping data for table `cart`
--

INSERT INTO `cart` (`id`, `package_id`, `user_id`, `fill`, `usdt`, `mtm`, `zenx`, `matching_id`, `sponsor_id`, `position_id`, `line`, `note`, `pause_min`, `is_payment`, `datecreate`, `update_date`) VALUES
(107, 1, 60, 1, 0, 0, 0, 0, 0, 0, '', NULL, '', 1, 1625812988, 1626845235),
(1028, 2, 849, 3.75, 0, 0, 0, 0, 60, 60, 'A', NULL, '', 1, 1640757645, 1640757645),
(1029, 1, 850, 1.25, 0, 0, 0, 60, 849, 849, 'A', NULL, '', 1, 1640757739, 1640757739),
(1030, 2, 851, 3.75, 0, 0, 0, 849, 850, 850, 'A', NULL, '', 1, 1640758087, 1640758087),
(1031, 1, 852, 1.25, 0, 0, 0, 850, 851, 851, 'A', NULL, '', 1, 1640758355, 1640758355),
(1032, 3, 853, 11.25, 0, 0, 0, 851, 852, 852, 'A', NULL, '', 1, 1640758706, 1640758706),
(1033, 1, 854, 1.25, 0, 0, 0, 852, 853, 853, 'A', NULL, '', 1, 1640758841, 1640758841),
(1034, 2, 855, 3.75, 0, 0, 0, 853, 854, 854, 'A', NULL, '', 1, 1640759238, 1640759238),
(1035, 4, 856, 18.75, 0, 0, 0, 854, 855, 855, 'A', NULL, '', 1, 1640759325, 1640759325),
(1036, 1, 857, 1.25, 0, 0, 0, 855, 856, 856, 'A', NULL, '', 1, 1640759496, 1640759496),
(1037, 1, 858, 1.25, 0, 0, 0, 856, 857, 857, 'A', NULL, '', 1, 1640759627, 1640759627),
(1038, 1, 859, 1.25, 0, 0, 0, 857, 858, 858, 'A', NULL, '', 1, 1640759755, 1640759755),
(1039, 1, 860, 1.25, 0, 0, 0, 858, 859, 859, 'A', NULL, '', 1, 1640759925, 1640759925),
(1040, 4, 861, 18.75, 0, 0, 0, 859, 860, 860, 'A', NULL, '', 1, 1640760010, 1640760010),
(1041, 4, 862, 18.75, 0, 0, 0, 860, 861, 861, 'A', NULL, '', 1, 1640760118, 1640760118),
(1042, 4, 863, 18.75, 0, 0, 0, 861, 862, 862, 'A', NULL, '', 1, 1640760202, 1640760202),
(1043, 4, 864, 18.75, 0, 0, 0, 862, 863, 863, 'A', NULL, '', 1, 1640760654, 1640760654),
(1044, 4, 865, 18.75, 0, 0, 0, 863, 864, 864, 'A', NULL, '', 1, 1640760732, 1640760732),
(1045, 4, 866, 18.75, 0, 0, 0, 864, 865, 865, 'A', NULL, '', 1, 1640760806, 1640760806),
(1046, 4, 867, 18.75, 0, 0, 0, 865, 866, 866, 'A', NULL, '', 1, 1640761005, 1640761005),
(1047, 4, 868, 18.75, 0, 0, 0, 866, 867, 867, 'A', NULL, '', 1, 1640761309, 1640761309),
(1048, 4, 869, 18.75, 0, 0, 0, 867, 868, 868, 'A', NULL, '', 1, 1640761459, 1640761459),
(1049, 4, 870, 18.75, 0, 0, 0, 868, 869, 869, 'A', NULL, '', 1, 1640761534, 1640761534),
(1050, 4, 871, 18.75, 0, 0, 0, 869, 870, 870, 'A', NULL, '', 1, 1640761758, 1640761758),
(1051, 4, 872, 18.75, 0, 0, 0, 870, 871, 871, 'A', NULL, '', 1, 1640761835, 1640761835),
(1052, 4, 873, 18.75, 0, 0, 0, 871, 872, 872, 'A', NULL, '', 1, 1640761980, 1640761980),
(1053, 4, 874, 18.75, 0, 0, 0, 872, 873, 873, 'A', NULL, '', 1, 1640762084, 1640762084),
(1054, 4, 875, 18.75, 0, 0, 0, 873, 874, 874, 'A', NULL, '', 1, 1640762472, 1640762472),
(1055, 4, 876, 18.75, 0, 0, 0, 874, 875, 875, 'A', NULL, '', 1, 1640762561, 1640762561),
(1056, 4, 877, 18.75, 0, 0, 0, 875, 876, 876, 'A', NULL, '', 1, 1640762650, 1640762650),
(1057, 4, 878, 18.75, 0, 0, 0, 876, 877, 877, 'A', NULL, '', 1, 1640762731, 1640762731),
(1058, 4, 879, 18.75, 0, 0, 0, 877, 878, 878, 'A', NULL, '', 1, 1640762832, 1640762832),
(1059, 4, 880, 18.75, 0, 0, 0, 878, 879, 879, 'A', NULL, '', 1, 1640762932, 1640762932),
(1060, 4, 881, 18.75, 0, 0, 0, 879, 880, 880, 'A', NULL, '', 1, 1640763077, 1640763077),
(1061, 4, 882, 18.75, 0, 0, 0, 880, 881, 881, 'A', NULL, '', 1, 1640763184, 1640763184),
(1062, 4, 883, 18.75, 0, 0, 0, 881, 882, 882, 'A', NULL, '', 1, 1640764826, 1640764826),
(1063, 4, 884, 18.75, 0, 0, 0, 881, 882, 882, 'B', NULL, '', 1, 1640765282, 1640765282),
(1064, 4, 885, 18.75, 0, 0, 0, 881, 882, 883, 'A', NULL, '', 1, 1640767803, 1640767803),
(1065, 4, 886, 18.75, 0, 0, 0, 881, 882, 883, 'B', NULL, '', 1, 1640767928, 1640767928),
(1066, 4, 887, 18.75, 0, 0, 0, 881, 882, 884, 'A', NULL, '', 1, 1640768056, 1640768056),
(1067, 4, 888, 18.75, 0, 0, 0, 881, 882, 884, 'B', NULL, '', 1, 1640768155, 1640768155);

-- --------------------------------------------------------

--
-- Table structure for table `code_bonus`
--

CREATE TABLE `code_bonus` (
  `id` int(11) NOT NULL,
  `code` varchar(128) NOT NULL,
  `amount_sp` double NOT NULL,
  `amount_sm` varchar(128) NOT NULL
) ENGINE=InnoDB DEFAULT CHARSET=latin1;

--
-- Dumping data for table `code_bonus`
--

INSERT INTO `code_bonus` (`id`, `code`, `amount_sp`, `amount_sm`) VALUES
(1, 'A', 5, '50'),
(2, 'B', 6, '35'),
(3, 'C', 7, '25');

-- --------------------------------------------------------

--
-- Table structure for table `coin_type`
--

CREATE TABLE `coin_type` (
  `id` int(11) NOT NULL,
  `name` varchar(15) NOT NULL
) ENGINE=InnoDB DEFAULT CHARSET=latin1;

--
-- Dumping data for table `coin_type`
--

INSERT INTO `coin_type` (`id`, `name`) VALUES
(1, 'filecoin'),
(2, 'mtm');

-- --------------------------------------------------------

--
-- Table structure for table `deposit`
--

CREATE TABLE `deposit` (
  `id` int(11) NOT NULL,
  `user_id` int(11) NOT NULL,
  `txid` varchar(128) NOT NULL,
  `coin` double NOT NULL,
  `type_coin` varchar(1) NOT NULL,
  `note` varchar(255) DEFAULT NULL,
  `is_confirm` smallint(1) NOT NULL DEFAULT 0,
  `datecreate` int(11) NOT NULL,
  `update_date` int(11) NOT NULL DEFAULT 0
) ENGINE=InnoDB DEFAULT CHARSET=latin1;

--
-- Dumping data for table `deposit`
--

INSERT INTO `deposit` (`id`, `user_id`, `txid`, `coin`, `type_coin`, `note`, `is_confirm`, `datecreate`, `update_date`) VALUES
(484, 849, 'asdqwertqwdqsq', 10, '1', NULL, 1, 1640757620, 1640757625),
(485, 850, 'qweqwrqwq', 1.25, '1', NULL, 1, 1640757715, 1640757724),
(486, 851, 'qwdrqwqdasdqwd', 5, '1', NULL, 1, 1640758066, 1640758072),
(487, 852, '2135123512qqdwasdqwqwad', 1.25, '1', NULL, 1, 1640758326, 1640758332),
(488, 853, 'wqeqdasdqweqwd', 11.75, '1', NULL, 1, 1640758670, 1640758676),
(489, 854, '123512315123', 1.25, '1', NULL, 1, 1640758819, 1640758825),
(490, 855, '123512qadasdqwe', 3.75, '1', NULL, 1, 1640759217, 1640759223),
(491, 856, 'wdqwdqtqwdasdqwd', 18.75, '1', NULL, 1, 1640759298, 1640759305),
(492, 857, 'dqwdtqwdqwdasdqwd', 1.25, '1', NULL, 1, 1640759399, 1640759480),
(493, 858, '12351qfqweqdasdqwd', 1.25, '1', NULL, 1, 1640759610, 1640759615),
(494, 859, 'asfqwrqdasdqwrqqd', 1.25, '1', NULL, 1, 1640759738, 1640759743),
(495, 860, 'asdqwtrqwtdadqwrq', 1.25, '1', NULL, 1, 1640759907, 1640759911),
(496, 861, 'qwdqrqwdasdqwrqdasd', 18.75, '1', NULL, 1, 1640759983, 1640759995),
(497, 862, '124adfqwtqwdasdqwdq', 18.75, '1', NULL, 1, 1640760099, 1640760104),
(498, 863, 'asdqwrasdqwqwdasd', 18.75, '1', NULL, 1, 1640760174, 1640760179),
(499, 864, 'wuefhiojdfuqwdqwjiod', 18.75, '1', NULL, 1, 1640760635, 1640760639),
(500, 865, 'qwdqtqedasdqwrqdq', 18.75, '1', NULL, 1, 1640760713, 1640760718),
(501, 866, 'adqwgtqwdasdqwrqad', 18.75, '1', NULL, 1, 1640760785, 1640760791),
(502, 867, 'qwqrqwdhaudhuqwihdqwj', 18.75, '1', NULL, 1, 1640760983, 1640760989),
(503, 868, 'qwdqwrqweadsqwdasdqwd', 18.75, '1', NULL, 1, 1640761211, 1640761293),
(504, 869, 'qwdqwtqweasdqwd', 18.75, '1', NULL, 1, 1640761360, 1640761366),
(505, 870, 'hdfqwdklqjwdiadiqwjd', 18.75, '1', NULL, 1, 1640761513, 1640761518),
(506, 871, 'asdqwrqwdasdqwrqdasd', 18.75, '1', NULL, 1, 1640761728, 1640761733),
(507, 872, 'asdqwtqwrdasdqwd', 18.75, '1', NULL, 1, 1640761814, 1640761819),
(508, 873, 'asdqwtqwreasdqwdasd', 18.75, '1', NULL, 1, 1640761959, 1640761965),
(509, 874, 'asdawrqwdahisdjioqj12315', 18.75, '1', NULL, 1, 1640762061, 1640762066),
(510, 875, 'adqwrqwdasdqrqdq', 18.75, '1', NULL, 1, 1640762450, 1640762457),
(511, 876, 'asfqwtqwdasdqwrqw', 18.75, '1', NULL, 1, 1640762543, 1640762548),
(512, 877, 'qwdhqjwdiuaydqwdpoqwid', 18.75, '1', NULL, 1, 1640762618, 1640762632),
(513, 878, 'asdqwrqwrtqwdasd', 18.75, '1', NULL, 1, 1640762713, 1640762719),
(514, 879, 'dqwrqwraassdqwtrqwad', 18.75, '1', NULL, 1, 1640762812, 1640762817),
(515, 880, 'adhqwiodjqwjdasodqwdopqwd', 18.75, '1', NULL, 1, 1640762904, 1640762917),
(516, 881, 'asdqwrqwdasdqwdqda', 18.75, '1', NULL, 1, 1640763057, 1640763064),
(517, 882, 'qdwdtqwrqeasdqwdasd', 18.75, '1', NULL, 1, 1640763153, 1640763161),
(518, 883, 'adqwrqweadqwtqwe', 18.75, '1', NULL, 1, 1640764801, 1640764806),
(519, 884, 'asdqtqweqdsasdqwr', 18.75, '1', NULL, 1, 1640765255, 1640765261),
(520, 885, 'asdqwpodjqiwequi', 18.75, '1', NULL, 1, 1640767774, 1640767779),
(521, 886, 'asqwdqwdhauidshqwuihid', 18.75, '1', NULL, 1, 1640767905, 1640767911),
(522, 887, 'qwdqrwqdasdqwrqdad', 18.75, '1', NULL, 1, 1640768033, 1640768038),
(523, 888, 'asdqwdhajsdhqwgqwd', 18.75, '1', NULL, 1, 1640768131, 1640768136),
(524, 889, 'bafy2bzacecxj4zsniez6pww3xh4es25pdekbtpjxnuo2gpkdp4qwomtb62j6g', 600, '1', NULL, 0, 1640772303, 0);

-- --------------------------------------------------------

--
-- Table structure for table `excess_bonus`
--

CREATE TABLE `excess_bonus` (
  `id` int(11) NOT NULL,
  `user_id` int(11) NOT NULL,
  `id_bs` int(11) NOT NULL DEFAULT 0,
  `type_bonus` int(1) NOT NULL,
  `zenx` double NOT NULL,
  `cart_id` int(11) NOT NULL,
  `code_bonus` varchar(10) NOT NULL,
  `user_sponsor` int(11) NOT NULL,
  `generation` varchar(2) NOT NULL,
  `level_fm` varchar(5) NOT NULL DEFAULT '0',
  `note_level` varchar(5) DEFAULT NULL,
  `box` varchar(10) NOT NULL DEFAULT '0',
  `note` varchar(255) NOT NULL,
  `datecreate` int(11) NOT NULL
) ENGINE=InnoDB DEFAULT CHARSET=latin1;

--
-- Dumping data for table `excess_bonus`
--

INSERT INTO `excess_bonus` (`id`, `user_id`, `id_bs`, `type_bonus`, `zenx`, `cart_id`, `code_bonus`, `user_sponsor`, `generation`, `level_fm`, `note_level`, `box`, `note`, `datecreate`) VALUES
(10, 882, 0, 1, 0, 1062, 'B', 0, '0', '0', NULL, '0', 'bonus sponsor', 1640764826),
(11, 881, 0, 2, 0, 1062, 'B', 0, '0', '0', NULL, '0', 'bonus sponsor matching', 1640764826),
(12, 882, 0, 1, 0, 1063, 'B', 0, '0', '0', NULL, '0', 'bonus sponsor', 1640765282),
(13, 881, 0, 2, 0, 1063, 'B', 0, '0', '0', NULL, '0', 'bonus sponsor matching', 1640765282),
(14, 882, 0, 1, 0, 1064, 'B', 0, '0', '0', NULL, '0', 'bonus sponsor', 1640767803),
(15, 881, 0, 2, 0, 1064, 'B', 0, '0', '0', NULL, '0', 'bonus sponsor matching', 1640767803),
(16, 882, 0, 1, 0, 1065, 'B', 0, '0', '0', NULL, '0', 'bonus sponsor', 1640767928),
(17, 881, 0, 2, 0, 1065, 'B', 0, '0', '0', NULL, '0', 'bonus sponsor matching', 1640767928),
(18, 882, 0, 1, 0, 1066, 'B', 0, '0', '0', NULL, '0', 'bonus sponsor', 1640768056),
(19, 881, 0, 2, 0, 1066, 'B', 0, '0', '0', NULL, '0', 'bonus sponsor matching', 1640768056),
(20, 882, 0, 1, 0, 1067, 'B', 0, '0', '0', NULL, '0', 'bonus sponsor', 1640768155),
(21, 881, 0, 2, 0, 1067, 'B', 0, '0', '0', NULL, '0', 'bonus sponsor matching', 1640768155),
(22, 882, 0, 1, 0, 0, '0', 0, '0', '0', NULL, '0', 'bonus pairing', 1640793543),
(23, 883, 0, 1, 0, 0, '0', 0, '0', '0', NULL, '0', 'bonus pairing', 1640793543),
(24, 884, 0, 1, 0, 0, '0', 0, '0', '0', NULL, '0', 'bonus pairing', 1640793543),
(25, 60, 0, 7, 0, 0, '0', 0, '0', '0', NULL, '0', 'airdrop zenx', 1644890678);

-- --------------------------------------------------------

--
-- Table structure for table `leftovers_real`
--

CREATE TABLE `leftovers_real` (
  `id` int(11) NOT NULL,
  `user_id` int(11) NOT NULL,
  `amount_left` int(11) NOT NULL,
  `amount_right` int(11) NOT NULL,
  `datecreate` int(11) NOT NULL
) ENGINE=InnoDB DEFAULT CHARSET=latin1;

--
-- Dumping data for table `leftovers_real`
--

INSERT INTO `leftovers_real` (`id`, `user_id`, `amount_left`, `amount_right`, `datecreate`) VALUES
(281, 882, 37, 1, 1640793543),
(282, 883, 7, 3, 1640793543),
(283, 884, 7, 3, 1640793543);

-- --------------------------------------------------------

--
-- Table structure for table `level_fm`
--

CREATE TABLE `level_fm` (
  `id` int(11) NOT NULL,
  `user_id` int(11) NOT NULL,
  `fm` varchar(4) NOT NULL,
  `datecreate` int(11) NOT NULL,
  `update_date` int(11) NOT NULL DEFAULT 0
) ENGINE=InnoDB DEFAULT CHARSET=latin1;

--
-- Dumping data for table `level_fm`
--

INSERT INTO `level_fm` (`id`, `user_id`, `fm`, `datecreate`, `update_date`) VALUES
(204, 60, 'FM1', 1636078591, 1640793609),
(608, 849, 'FM', 1640757645, 0),
(609, 850, 'FM1', 1640757739, 1640793610),
(610, 851, 'FM', 1640758087, 0),
(611, 852, 'FM1', 1640758355, 1640793610),
(612, 853, 'FM', 1640758706, 0),
(613, 854, 'FM1', 1640758841, 1640793610),
(614, 855, 'FM1', 1640759238, 1640793610),
(615, 856, 'FM', 1640759325, 0),
(616, 857, 'FM', 1640759496, 0),
(617, 858, 'FM', 1640759627, 0),
(618, 859, 'FM', 1640759755, 0),
(619, 860, 'FM1', 1640759925, 1640793610),
(620, 861, 'FM1', 1640760010, 1640793610),
(621, 862, 'FM1', 1640760118, 1640793610),
(622, 863, 'FM1', 1640760202, 1640793610),
(623, 864, 'FM1', 1640760654, 1640793610),
(624, 865, 'FM1', 1640760732, 1640793610),
(625, 866, 'FM1', 1640760806, 1640793610),
(626, 867, 'FM1', 1640761005, 1640793610),
(627, 868, 'FM1', 1640761310, 1640793610),
(628, 869, 'FM1', 1640761459, 1640793610),
(629, 870, 'FM1', 1640761534, 1640793610),
(630, 871, 'FM1', 1640761758, 1640793610),
(631, 872, 'FM1', 1640761835, 1640793610),
(632, 873, 'FM1', 1640761980, 1640793610),
(633, 874, 'FM1', 1640762084, 1640793610),
(634, 875, 'FM1', 1640762472, 1640793610),
(635, 876, 'FM1', 1640762561, 1640793610),
(636, 877, 'FM1', 1640762650, 1640793610),
(637, 878, 'FM1', 1640762731, 1640793610),
(638, 879, 'FM1', 1640762832, 1640793610),
(639, 880, 'FM1', 1640762932, 1640793610),
(640, 881, 'FM1', 1640763077, 1640793610),
(641, 882, 'FM1', 1640763184, 1640793610),
(642, 883, 'FM', 1640764826, 0),
(643, 884, 'FM', 1640765282, 0),
(644, 885, 'FM', 1640767803, 0),
(645, 886, 'FM', 1640767928, 0),
(646, 887, 'FM', 1640768056, 0),
(647, 888, 'FM', 1640768155, 0);

-- --------------------------------------------------------

--
-- Table structure for table `market_price`
--

CREATE TABLE `market_price` (
  `id` int(11) NOT NULL,
  `filecoin` double NOT NULL,
  `zenx` double NOT NULL,
  `convert` double NOT NULL,
  `time` int(11) NOT NULL
) ENGINE=InnoDB DEFAULT CHARSET=latin1;

--
-- Dumping data for table `market_price`
--

INSERT INTO `market_price` (`id`, `filecoin`, `zenx`, `convert`, `time`) VALUES
(7, 61.76, 1.0546, 58.5625, 1635562640),
(9, 62.17, 0.5, 124.34, 1636768328),
(10, 36.09, 0.0998, 361.6232, 1640757933);

-- --------------------------------------------------------

--
-- Table structure for table `minimum_withdrawal`
--

CREATE TABLE `minimum_withdrawal` (
  `id` int(11) NOT NULL,
  `filecoin` double NOT NULL,
  `mtm` double NOT NULL,
  `zenx` double NOT NULL,
  `fee_filecoin` double NOT NULL,
  `fee_mtm` double NOT NULL,
  `fee_zenx` double NOT NULL
) ENGINE=InnoDB DEFAULT CHARSET=latin1;

--
-- Dumping data for table `minimum_withdrawal`
--

INSERT INTO `minimum_withdrawal` (`id`, `filecoin`, `mtm`, `zenx`, `fee_filecoin`, `fee_mtm`, `fee_zenx`) VALUES
(1, 0.1, 0.25, 0.25, 1, 1, 1);

-- --------------------------------------------------------

--
-- Table structure for table `mining`
--

CREATE TABLE `mining` (
  `id` int(11) NOT NULL,
  `amount` double NOT NULL,
  `type` int(1) NOT NULL,
  `datecreate` int(11) NOT NULL,
  `update_date` int(11) NOT NULL
) ENGINE=InnoDB DEFAULT CHARSET=latin1;

--
-- Dumping data for table `mining`
--

INSERT INTO `mining` (`id`, `amount`, `type`, `datecreate`, `update_date`) VALUES
(37, 0.01, 1, 1636768256, 0),
(38, 0.1, 3, 1636768263, 0),
(39, 0.01, 1, 1637636670, 0),
(40, 0.02, 3, 1637636674, 0),
(41, 0.00095, 1, 1644890678, 0),
(42, 0.01, 3, 1644890682, 0);

-- --------------------------------------------------------

--
-- Table structure for table `mining_user`
--

CREATE TABLE `mining_user` (
  `id` int(11) NOT NULL,
  `user_id` int(11) NOT NULL,
  `cart_id` int(11) NOT NULL,
  `amount` double NOT NULL,
  `box` varchar(20) NOT NULL,
  `datecreate` int(11) NOT NULL
) ENGINE=InnoDB DEFAULT CHARSET=latin1;

--
-- Dumping data for table `mining_user`
--

INSERT INTO `mining_user` (`id`, `user_id`, `cart_id`, `amount`, `box`, `datecreate`) VALUES
(1594, 60, 107, 0.00095, '1 BOX', 1644890678);

-- --------------------------------------------------------

--
-- Table structure for table `mining_user_transfer`
--

CREATE TABLE `mining_user_transfer` (
  `id` int(11) NOT NULL,
  `user_id` int(11) NOT NULL,
  `amount` double NOT NULL,
  `datecreate` int(11) NOT NULL
) ENGINE=InnoDB DEFAULT CHARSET=latin1;

-- --------------------------------------------------------

--
-- Table structure for table `news_announce`
--

CREATE TABLE `news_announce` (
  `id` int(11) NOT NULL,
  `title` varchar(128) NOT NULL,
  `message` text NOT NULL,
  `image` varchar(128) DEFAULT NULL,
  `datecreate` int(11) NOT NULL,
  `update_date` int(11) DEFAULT NULL
) ENGINE=InnoDB DEFAULT CHARSET=latin1;

--
-- Dumping data for table `news_announce`
--

INSERT INTO `news_announce` (`id`, `title`, `message`, `image`, `datecreate`, `update_date`) VALUES
(1, 'Pengumuman Penting!', 'Lorem ipsum dolor sit amet consectetur adipisicing elit. Minus quidem a, recusandae harum expedita tenetur sequi? Voluptas assumenda vero, modi saepe facilis sint corporis alias harum sit ratione distinctio reprehenderit iste possimus excepturi esse. Suscipit facilis, assumenda eos mollitia pariatur animi aspernatur delectus consequuntur dolorem ad totam similique culpa rem. Nisi similique impedit culpa. Consequuntur ut esse corporis, ipsam aliquid architecto inventore delectus mollitia, quod alias culpa asperiores minima ab sint dignissimos beatae aut blanditiis nulla consequatur assumenda debitis aspernatur? Assumenda, quod porro est saepe aliquam, placeat maxime perspiciatis quas nobis atque vero illo. Blanditiis minus saepe illo eligendi debitis consequuntur porro illum ea similique veritatis perspiciatis culpa, veniam nemo eos dolorem repudiandae architecto necessitatibus nisi. Atque ex reiciendis repellat consequatur illum voluptatibus aspernatur quaerat officia blanditiis? Eveniet sed ipsam totam accusamus facere expedita animi tempore? Rerum fugiat architecto eaque, amet suscipit similique veritatis cumque repudiandae, totam sit quia aperiam, dolor fuga aut praesentium voluptate. Maxime eligendi aliquid aut consequatur optio. Voluptas aut quae in ipsa placeat nobis inventore accusantium quisquam eos. Dolore, adipisci. Labore veniam optio maxime laboriosam in nisi alias? Similique totam dicta exercitationem eveniet, qui excepturi tenetur voluptatum porro amet voluptate eos omnis, quae laboriosam perferendis? Cumque aut ullam impedit nemo dolorem atque, fugiat maiores velit debitis iure voluptates nostrum quaerat expedita eum, laboriosam deleniti minima. Saepe deleniti facilis omnis. Tempore nam, qui temporibus voluptatum dicta velit quia quo veritatis dolorem rerum illum maiores, natus aut, esse ullam fugiat labore hic eligendi maxime recusandae unde officiis suscipit similique ipsum. Quos incidunt aut nobis itaque placeat voluptate maxime, in at facere aliquam eos delectus eius natus corrupti quidem illum quo dolorem nam laborum sunt voluptatem. Officia quisquam, ipsam minima numquam pariatur dolor dolorem architecto consequuntur, inventore non animi quam molestias, adipisci itaque eaque veniam optio aspernatur facere obcaecati.', NULL, 1643783197, NULL),
(2, 'Kenaikan Harga', 'Lorem ipsum dolor sit amet consectetur adipisicing elit. Minus quidem a, recusandae harum expedita tenetur sequi? Voluptas assumenda vero, modi saepe facilis sint corporis alias harum sit ratione distinctio reprehenderit iste possimus excepturi esse. Suscipit facilis, assumenda eos mollitia pariatur animi aspernatur delectus consequuntur dolorem ad totam similique culpa rem. Nisi similique impedit culpa. Consequuntur ut esse corporis, ipsam aliquid architecto inventore delectus mollitia, quod alias culpa asperiores minima ab sint dignissimos beatae aut blanditiis nulla consequatur assumenda debitis aspernatur? Assumenda, quod porro est saepe aliquam, placeat maxime perspiciatis quas nobis atque vero illo. Blanditiis minus saepe illo eligendi debitis consequuntur porro illum ea similique veritatis perspiciatis culpa, veniam nemo eos dolorem repudiandae architecto necessitatibus nisi. Atque ex reiciendis repellat consequatur illum voluptatibus aspernatur quaerat officia blanditiis? Eveniet sed ipsam totam accusamus facere expedita animi tempore? Rerum fugiat architecto eaque, amet suscipit similique veritatis cumque repudiandae, totam sit quia aperiam, dolor fuga aut praesentium voluptate. Maxime eligendi aliquid aut consequatur optio.', NULL, 1643871182, 0),
(6, 'Biggest NFT marketplace 2022', 'Lorem ipsum dolor sit amet consectetur adipisicing elit. Minus quidem a, recusandae harum expedita tenetur sequi? Voluptas assumenda vero, modi saepe facilis sint corporis alias harum sit ratione distinctio reprehenderit iste possimus excepturi esse. Suscipit facilis, assumenda eos mollitia pariatur animi aspernatur delectus consequuntur dolorem ad totam similique culpa rem. Nisi similique impedit culpa. Consequuntur ut esse corporis, ipsam aliquid architecto inventore delectus mollitia, quod alias culpa asperiores minima ab sint dignissimos beatae aut blanditiis nulla consequatur assumenda debitis aspernatur? Assumenda, quod porro est saepe aliquam, placeat maxime perspiciatis quas nobis atque vero illo. Blanditiis minus saepe illo eligendi debitis consequuntur porro illum ea similique veritatis perspiciatis culpa, veniam nemo eos dolorem repudiandae architecto necessitatibus nisi. Atque ex reiciendis repellat consequatur illum voluptatibus aspernatur quaerat officia blanditiis? Eveniet sed ipsam totam accusamus facere expedita animi tempore? Rerum fugiat architecto eaque, amet suscipit similique veritatis cumque repudiandae, totam sit quia aperiam, dolor fuga aut praesentium voluptate. Maxime eligendi aliquid aut consequatur optio. Voluptas aut quae in ipsa placeat nobis inventore accusantium quisquam eos. Dolore, adipisci. Labore veniam optio maxime laboriosam in nisi alias? Similique totam dicta exercitationem eveniet, qui excepturi tenetur voluptatum porro amet voluptate eos omnis, quae laboriosam perferendis? Cumque aut ullam impedit nemo dolorem atque, fugiat maiores velit debitis iure voluptates nostrum quaerat expedita eum, laboriosam deleniti minima. Saepe deleniti facilis omnis. Tempore nam, qui temporibus voluptatum dicta velit quia quo veritatis dolorem rerum illum maiores, natus aut, esse ullam fugiat labore hic eligendi maxime recusandae unde officiis suscipit similique ipsum. Quos incidunt aut nobis itaque placeat voluptate maxime, in at facere aliquam eos delectus eius natus corrupti quidem illum quo dolorem nam laborum sunt voluptatem. Officia quisquam, ipsam minima numquam pariatur dolor dolorem architecto consequuntur, inventore non animi quam molestias, adipisci itaque eaque veniam optio aspernatur facere obcaecati.', NULL, 1644201932, 0),
(8, 'Harga Filecoin naik menjadi 2,000,000', 'Lorem ipsum dolor sit amet consectetur adipisicing elit. Minus quidem a, recusandae harum expedita tenetur sequi? Voluptas assumenda vero, modi saepe facilis sint corporis alias harum sit ratione distinctio reprehenderit iste possimus excepturi esse. Suscipit facilis, assumenda eos mollitia pariatur animi aspernatur delectus consequuntur dolorem ad totam similique culpa rem. Nisi similique impedit culpa. Consequuntur ut esse corporis, ipsam aliquid architecto inventore delectus mollitia, quod alias culpa asperiores minima ab sint dignissimos beatae aut blanditiis nulla consequatur assumenda debitis aspernatur? Assumenda, quod porro est saepe aliquam, placeat maxime perspiciatis quas nobis atque vero illo. Blanditiis minus saepe illo eligendi debitis consequuntur porro illum ea similique veritatis perspiciatis culpa, veniam nemo eos dolorem repudiandae architecto necessitatibus nisi. Atque ex reiciendis repellat consequatur illum voluptatibus aspernatur quaerat officia blanditiis? Eveniet sed ipsam totam accusamus facere expedita animi tempore? Rerum fugiat architecto eaque, amet suscipit similique veritatis cumque repudiandae, totam sit quia aperiam, dolor fuga aut praesentium voluptate. Maxime eligendi aliquid aut consequatur optio. Voluptas aut quae in ipsa placeat nobis inventore accusantium quisquam eos. Dolore, adipisci. Labore veniam optio maxime laboriosam in nisi alias? Similique totam dicta exercitationem eveniet, qui excepturi tenetur voluptatum porro amet voluptate eos omnis, quae laboriosam perferendis? Cumque aut ullam impedit nemo dolorem atque, fugiat maiores velit debitis iure voluptates nostrum quaerat expedita eum, laboriosam deleniti minima. Saepe deleniti facilis omnis. Tempore nam, qui temporibus voluptatum dicta velit quia quo veritatis dolorem rerum illum maiores, natus aut, esse ullam fugiat labore hic eligendi maxime recusandae unde officiis suscipit similique ipsum. Quos incidunt aut nobis itaque placeat voluptate maxime, in at facere aliquam eos delectus eius natus corrupti quidem illum quo dolorem nam laborum sunt voluptatem. Officia quisquam, ipsam minima numquam pariatur dolor dolorem architecto consequuntur, inventore non animi quam molestias, adipisci itaque eaque veniam optio aspernatur facere obcaecati.', NULL, 1644214738, 0),
(9, 'Pemberitahuan Staking', 'Lorem ipsum dolor sit amet consectetur adipisicing elit. Minus quidem a, recusandae harum expedita tenetur sequi? Voluptas assumenda vero, modi saepe facilis sint corporis alias harum sit ratione distinctio reprehenderit iste possimus excepturi esse. Suscipit facilis, assumenda eos mollitia pariatur animi aspernatur delectus consequuntur dolorem ad totam similique culpa rem. Nisi similique impedit culpa. Consequuntur ut esse corporis, ipsam aliquid architecto inventore delectus mollitia, quod alias culpa asperiores minima ab sint dignissimos beatae aut blanditiis nulla consequatur assumenda debitis aspernatur? Assumenda, quod porro est saepe aliquam, placeat maxime perspiciatis quas nobis atque vero illo. Blanditiis minus saepe illo eligendi debitis consequuntur porro illum ea similique veritatis perspiciatis culpa, veniam nemo eos dolorem repudiandae architecto necessitatibus nisi. Atque ex reiciendis repellat consequatur illum voluptatibus aspernatur quaerat officia blanditiis? Eveniet sed ipsam totam accusamus facere expedita animi tempore? Rerum fugiat architecto eaque, amet suscipit similique veritatis cumque repudiandae, totam sit quia aperiam, dolor fuga aut praesentium voluptate. Maxime eligendi aliquid aut consequatur optio. Voluptas aut quae in ipsa placeat nobis inventore accusantium quisquam eos. Dolore, adipisci. Labore veniam optio maxime laboriosam in nisi alias? Similique totam dicta exercitationem eveniet, qui excepturi tenetur voluptatum porro amet voluptate eos omnis, quae laboriosam perferendis? Cumque aut ullam impedit nemo dolorem atque, fugiat maiores velit debitis iure voluptates nostrum quaerat expedita eum, laboriosam deleniti minima. Saepe deleniti facilis omnis. Tempore nam, qui temporibus voluptatum dicta velit quia quo veritatis dolorem rerum illum maiores, natus aut, esse ullam fugiat labore hic eligendi maxime recusandae unde officiis suscipit similique ipsum. Quos incidunt aut nobis itaque placeat voluptate maxime, in at facere aliquam eos delectus eius natus corrupti quidem illum quo dolorem nam laborum sunt voluptatem. Officia quisquam, ipsam minima numquam pariatur dolor dolorem architecto consequuntur, inventore non animi quam molestias, adipisci itaque eaque veniam optio aspernatur facere obcaecati.', NULL, 1644214771, 0);

-- --------------------------------------------------------

--
-- Table structure for table `notifi`
--

CREATE TABLE `notifi` (
  `id` int(11) NOT NULL,
  `user_id` int(11) NOT NULL,
  `type` int(3) NOT NULL,
  `title` varchar(20) NOT NULL,
  `message` text NOT NULL,
  `link` varchar(255) NOT NULL,
  `is_show` int(1) NOT NULL DEFAULT 0,
  `datecreate` int(11) NOT NULL
) ENGINE=InnoDB DEFAULT CHARSET=latin1;

--
-- Dumping data for table `notifi`
--

INSERT INTO `notifi` (`id`, `user_id`, `type`, `title`, `message`, `link`, `is_show`, `datecreate`) VALUES
(1261, 849, 2, 'Deposit', 'Your deposit has been confirmed', 'user/index', 0, 1640757625),
(1262, 850, 2, 'Deposit', 'Your deposit has been confirmed', 'user/index', 0, 1640757724),
(1263, 851, 2, 'Deposit', 'Your deposit has been confirmed', 'user/index', 0, 1640758072),
(1264, 852, 2, 'Deposit', 'Your deposit has been confirmed', 'user/index', 0, 1640758332),
(1265, 853, 2, 'Deposit', 'Your deposit has been confirmed', 'user/index', 0, 1640758676),
(1266, 854, 2, 'Deposit', 'Your deposit has been confirmed', 'user/index', 0, 1640758825),
(1267, 855, 2, 'Deposit', 'Your deposit has been confirmed', 'user/index', 0, 1640759223),
(1268, 856, 2, 'Deposit', 'Your deposit has been confirmed', 'user/index', 0, 1640759305),
(1269, 857, 2, 'Deposit', 'Your deposit has been confirmed', 'user/index', 0, 1640759480),
(1270, 858, 2, 'Deposit', 'Your deposit has been confirmed', 'user/index', 0, 1640759615),
(1271, 859, 2, 'Deposit', 'Your deposit has been confirmed', 'user/index', 0, 1640759743),
(1272, 860, 2, 'Deposit', 'Your deposit has been confirmed', 'user/index', 0, 1640759911),
(1273, 861, 2, 'Deposit', 'Your deposit has been confirmed', 'user/index', 0, 1640759995),
(1274, 862, 2, 'Deposit', 'Your deposit has been confirmed', 'user/index', 0, 1640760104),
(1275, 863, 2, 'Deposit', 'Your deposit has been confirmed', 'user/index', 0, 1640760179),
(1276, 864, 2, 'Deposit', 'Your deposit has been confirmed', 'user/index', 0, 1640760639),
(1277, 865, 2, 'Deposit', 'Your deposit has been confirmed', 'user/index', 0, 1640760718),
(1278, 866, 2, 'Deposit', 'Your deposit has been confirmed', 'user/index', 0, 1640760791),
(1279, 867, 2, 'Deposit', 'Your deposit has been confirmed', 'user/index', 0, 1640760989),
(1280, 868, 2, 'Deposit', 'Your deposit has been confirmed', 'user/index', 0, 1640761293),
(1281, 869, 2, 'Deposit', 'Your deposit has been confirmed', 'user/index', 0, 1640761366),
(1282, 870, 2, 'Deposit', 'Your deposit has been confirmed', 'user/index', 0, 1640761518),
(1283, 871, 2, 'Deposit', 'Your deposit has been confirmed', 'user/index', 0, 1640761733),
(1284, 872, 2, 'Deposit', 'Your deposit has been confirmed', 'user/index', 0, 1640761819),
(1285, 873, 2, 'Deposit', 'Your deposit has been confirmed', 'user/index', 0, 1640761965),
(1286, 874, 2, 'Deposit', 'Your deposit has been confirmed', 'user/index', 0, 1640762066),
(1287, 875, 2, 'Deposit', 'Your deposit has been confirmed', 'user/index', 0, 1640762457),
(1288, 876, 2, 'Deposit', 'Your deposit has been confirmed', 'user/index', 0, 1640762548),
(1289, 877, 2, 'Deposit', 'Your deposit has been confirmed', 'user/index', 0, 1640762632),
(1290, 878, 2, 'Deposit', 'Your deposit has been confirmed', 'user/index', 0, 1640762719),
(1291, 879, 2, 'Deposit', 'Your deposit has been confirmed', 'user/index', 0, 1640762817),
(1292, 880, 2, 'Deposit', 'Your deposit has been confirmed', 'user/index', 0, 1640762917),
(1293, 881, 2, 'Deposit', 'Your deposit has been confirmed', 'user/index', 0, 1640763064),
(1294, 882, 2, 'Deposit', 'Your deposit has been confirmed', 'user/index', 0, 1640763161),
(1295, 883, 2, 'Deposit', 'Your deposit has been confirmed', 'user/index', 0, 1640764806),
(1296, 884, 2, 'Deposit', 'Your deposit has been confirmed', 'user/index', 0, 1640765261),
(1297, 885, 2, 'Deposit', 'Your deposit has been confirmed', 'user/index', 0, 1640767779),
(1298, 886, 2, 'Deposit', 'Your deposit has been confirmed', 'user/index', 0, 1640767911),
(1299, 887, 2, 'Deposit', 'Your deposit has been confirmed', 'user/index', 0, 1640768038),
(1300, 888, 2, 'Deposit', 'Your deposit has been confirmed', 'user/index', 0, 1640768136);

-- --------------------------------------------------------

--
-- Table structure for table `package`
--

CREATE TABLE `package` (
  `id` int(11) NOT NULL,
  `type` int(11) NOT NULL,
  `code_bonus` int(11) NOT NULL,
  `name` varchar(128) NOT NULL,
  `point` int(11) NOT NULL,
  `fil` double NOT NULL,
  `usdt` double NOT NULL,
  `mtm` double NOT NULL,
  `daysmining` int(11) NOT NULL,
  `startafter` int(11) NOT NULL,
  `hashrate` int(11) NOT NULL,
  `color` varchar(50) NOT NULL,
  `airdrp_mtm` double NOT NULL,
  `img` varchar(50) NOT NULL,
  `price_fil` double NOT NULL,
  `price_mtm` double NOT NULL,
  `price_zenx` double NOT NULL
) ENGINE=InnoDB DEFAULT CHARSET=latin1;

--
-- Dumping data for table `package`
--

INSERT INTO `package` (`id`, `type`, `code_bonus`, `name`, `point`, `fil`, `usdt`, `mtm`, `daysmining`, `startafter`, `hashrate`, `color`, `airdrp_mtm`, `img`, `price_fil`, `price_mtm`, `price_zenx`) VALUES
(1, 1, 1, '1 BOX', 1, 1.25, 100, 5, 2200, 45, 32, '#FFD11A', 0.007, 'zenx-icon-15.png', 1.25, 5, 15),
(2, 1, 1, '3 BOX', 3, 3.75, 300, 15, 2200, 45, 96, '#119A48', 0.021, 'zenx-icon-16.png', 3.75, 15, 45),
(3, 1, 1, '9 BOX', 9, 11.25, 500, 45, 2200, 45, 288, '#4169B2', 0.063, 'zenx-icon-17.png', 11.25, 45, 135),
(4, 1, 2, '15 BOX', 15, 18.75, 1, 75, 2300, 45, 480, '#874D9E', 0.105, 'zenx-icon-18.png', 18.75, 75, 225),
(5, 1, 2, '30 BOX', 30, 37.5, 2.5, 150, 2300, 45, 960, '#EF3D39', 0.21, 'zenx-icon-19.png', 37.5, 150, 450),
(6, 1, 2, '60 BOX', 60, 75, 6, 300, 2300, 45, 1920, '#8DC63F', 0.42, 'zenx-icon-20.png', 75, 300, 900),
(7, 1, 3, '120 BOX', 120, 150, 10, 600, 2400, 45, 3840, '#EB9123', 0.84, 'zenx-icon-21.png', 150, 600, 1800),
(8, 1, 3, '300 BOX', 300, 375, 30, 1500, 2400, 45, 9600, '#46C2CA', 2.1, 'zenx-icon-22.png', 375, 1500, 4500),
(9, 1, 3, '540 BOX', 540, 675, 50, 2700, 2500, 45, 17280, '#CA4291', 3.28, 'zenx-icon-23.png', 675, 2700, 8100),
(10, 2, 0, '3 BOX', 0, 0, 100, 0, 540, 31, 32, '', 0, '', 0, 0, 0),
(11, 2, 0, '9 BOX', 0, 0, 300, 0, 540, 31, 96, '', 0, '', 0, 0, 0),
(12, 2, 0, '27 BOX', 0, 0, 500, 0, 540, 31, 288, '', 0, '', 0, 0, 0),
(13, 2, 0, '45 BOX', 0, 0, 1, 0, 540, 31, 480, '', 0, '', 0, 0, 0),
(14, 2, 0, '90 BOX', 0, 0, 2.5, 0, 540, 31, 960, '', 0, '', 0, 0, 0),
(15, 2, 0, '180 BOX', 0, 0, 6, 0, 540, 31, 1920, '', 0, '', 0, 0, 0),
(16, 2, 0, '360 BOX', 0, 0, 10, 0, 540, 31, 3840, '', 0, '', 0, 0, 0),
(17, 2, 0, '900 BOX', 0, 0, 30, 0, 540, 31, 9600, '', 0, '', 0, 0, 0),
(18, 2, 0, '1620 BOX', 0, 0, 50, 0, 540, 31, 17200, '', 0, '', 0, 0, 0);

-- --------------------------------------------------------

--
-- Table structure for table `package_tour`
--

CREATE TABLE `package_tour` (
  `id` int(11) NOT NULL,
  `name` varchar(128) NOT NULL,
  `type` int(1) NOT NULL,
  `price_fil` double NOT NULL,
  `price_mtm` double NOT NULL,
  `price_zenx` double NOT NULL,
  `price_usdt` double NOT NULL
) ENGINE=InnoDB DEFAULT CHARSET=latin1;

--
-- Dumping data for table `package_tour`
--

INSERT INTO `package_tour` (`id`, `name`, `type`, `price_fil`, `price_mtm`, `price_zenx`, `price_usdt`) VALUES
(1, 'VIP KOREA', 1, 55, 220, 2200, 2),
(2, 'VVIP KOREA', 1, 110, 440, 4400, 4),
(3, 'GOLD VVIP KOREA', 1, 165, 660, 6600, 6),
(4, 'VVIP BALI', 2, 110, 440, 4400, 4),
(5, 'VIP BALI', 2, 55, 220, 2200, 2),
(6, 'GOLD VVIP BALI', 2, 165, 660, 6600, 6);

-- --------------------------------------------------------

--
-- Table structure for table `package_type`
--

CREATE TABLE `package_type` (
  `id` int(11) NOT NULL,
  `name` varchar(128) NOT NULL
) ENGINE=InnoDB DEFAULT CHARSET=latin1;

--
-- Dumping data for table `package_type`
--

INSERT INTO `package_type` (`id`, `name`) VALUES
(1, 'filecoin'),
(2, 'mtm');

-- --------------------------------------------------------

--
-- Table structure for table `txid`
--

CREATE TABLE `txid` (
  `id` int(11) NOT NULL,
  `cart_id` int(11) NOT NULL,
  `txid` varchar(64) NOT NULL,
  `datecreate` int(11) NOT NULL
) ENGINE=InnoDB DEFAULT CHARSET=latin1;

-- --------------------------------------------------------

--
-- Table structure for table `user`
--

CREATE TABLE `user` (
  `id` int(11) NOT NULL,
  `top_level` int(1) NOT NULL DEFAULT 0,
  `referrer_id` int(11) NOT NULL DEFAULT 0,
  `username` varchar(128) NOT NULL,
  `first_name` varchar(128) NOT NULL,
  `last_name` varchar(128) DEFAULT NULL,
  `email` varchar(128) NOT NULL,
  `country_code` varchar(11) NOT NULL,
  `phone` varchar(15) NOT NULL,
  `photo` varchar(128) DEFAULT NULL,
  `secret_otp` varchar(128) DEFAULT NULL,
  `is_otp` int(11) DEFAULT 0,
  `email_code` int(11) DEFAULT NULL,
  `password` varchar(256) NOT NULL,
  `id_basecamp` int(11) NOT NULL,
  `basecamp` varchar(50) NOT NULL,
  `role_id` int(11) NOT NULL,
  `is_active` int(1) NOT NULL DEFAULT 1,
  `is_camp` int(1) NOT NULL DEFAULT 0,
  `note` varchar(128) DEFAULT NULL,
  `is_news` int(1) NOT NULL DEFAULT 0,
  `date_created` int(11) NOT NULL
) ENGINE=InnoDB DEFAULT CHARSET=latin1;

--
-- Dumping data for table `user`
--

INSERT INTO `user` (`id`, `top_level`, `referrer_id`, `username`, `first_name`, `last_name`, `email`, `country_code`, `phone`, `photo`, `secret_otp`, `is_otp`, `email_code`, `password`, `id_basecamp`, `basecamp`, `role_id`, `is_active`, `is_camp`, `note`, `is_news`, `date_created`) VALUES
(60, 1, 0, 'adminkantor', 'Admin', 'Kantor', 'adminkantor@gmail.com', '82', '', '', '', 0, 107598, '$2y$10$Rxcm5mkS.VvI9td24JGz3O67cERf3LO6sWlgtjwldxr8CGpKZ2dga', 1, 'Denpasar', 2, 1, 0, NULL, 1, 1622538045),
(122, 0, 0, 'admin', 'Admin', 'Admin', 'admin@filecoin.id', '', '', NULL, NULL, 0, NULL, '$2y$10$UwuTYkZlanDshWy6xC4e4efHNUBsgZTs1P8K78x660mjmrpUr5s8m', 0, '', 1, 1, 0, NULL, 0, 0),
(849, 0, 0, 'zenithx', 'zenithx', NULL, 'zenithxasia@gmail.com', '62', '81238777203', NULL, NULL, 0, NULL, '$2y$10$f2RNGbwtMFfIxoCX.OHHduvH97ssH.PLpBh4ZNxjFcR.5nLW09Esy', 1, 'Denpasar', 2, 1, 0, NULL, 1, 1640757532),
(850, 0, 0, 'zenithx1', 'zenithx', NULL, 'zenithxasia+1@gmail.com', '62', '81238777203', NULL, NULL, 0, NULL, '$2y$10$yYf44mUHkpZWwPL.ZsvK7e12G6iO1KiwbYUfV//KboIZ4BP7BYmSG', 1, 'Denpasar', 2, 1, 0, NULL, 0, 1640757695),
(851, 0, 0, 'zenithx2', 'zenithx', NULL, 'zenithxasia+2@gmail.com', '62', '81238777203', NULL, NULL, 0, NULL, '$2y$10$sWnsk3syk8iWPYqpH0kv4eM5/tkEPgb5qaXVq4RumCYZUbe/Q9/s2', 1, 'Denpasar', 2, 1, 0, NULL, 0, 1640758018),
(852, 0, 0, 'zenithx3', 'zenithx', NULL, 'zenithxasia+3@gmail.com', '62', '81238777203', NULL, NULL, 0, NULL, '$2y$10$yjyuOTWo4O7aVRHiw0N4w.y1oddHm584XSvZ5GygKhZyAROeJtQvO', 1, 'Denpasar', 2, 1, 0, NULL, 0, 1640758130),
(853, 0, 0, 'zenithx4', 'zenithx', NULL, 'zenithxasia+4@gmail.com', '62', '81238777203', NULL, NULL, 0, NULL, '$2y$10$6CeMwX3UJ4yDmPxpXbrNfO8RoRvuY2gAi9UznTWEdinXThXf7S.ea', 1, 'Denpasar', 2, 1, 0, NULL, 0, 1640758653),
(854, 0, 0, 'zenithx5', 'zenithx', NULL, 'zenithxasia+5@gmail.com', '62', '81238777203', NULL, NULL, 0, NULL, '$2y$10$2.x8juUc28FvbRpEyxBl8euNGaslAaEPwYQ975PNk05z.YKYaT02C', 1, 'Denpasar', 2, 1, 0, NULL, 0, 1640758788),
(855, 0, 0, 'zenithx6', 'zenithx', NULL, 'zenithxasia+6@gmail.com', '62', '81238777203', NULL, NULL, 0, NULL, '$2y$10$qpB6zbV9wiFzPVuuHpjn.u.PVuF2t2QWwMIJ1.tAjOrz3UFxtJi9C', 1, 'Denpasar', 2, 1, 0, NULL, 0, 1640759205),
(856, 0, 0, 'zenithx7', 'zenithx', NULL, 'zenithxasia+7@gmail.com', '62', '81238777203', NULL, NULL, 0, NULL, '$2y$10$ejE.maGxo/ocpok9iP4D5uoRJ.HC4nMtXS4D8a4kTKDfTcRQJ/MfK', 1, 'Denpasar', 2, 1, 0, NULL, 0, 1640759279),
(857, 0, 0, 'zenithx8', 'zenithx', NULL, 'zenithxasia+8@gmail.com', '62', '81238777203', NULL, NULL, 0, NULL, '$2y$10$ErBzV62aG2LQs38lJskr/.853exfEuL5smr5zudUZvvryvN63X5u.', 1, 'Denpasar', 2, 1, 0, NULL, 0, 1640759386),
(858, 0, 0, 'zenithx9', 'zenithx', NULL, 'zenithxasia+9@gmail.com', '62', '81238777203', NULL, NULL, 0, NULL, '$2y$10$uF40bauTnD8NlPTfUgEZxucht3APiAcX206VuACdTMq0Z.rH/aN4S', 1, 'Denpasar', 2, 1, 0, NULL, 0, 1640759544),
(859, 0, 0, 'zenithx10', 'zenithx', NULL, 'zenithxasia+10@gmail.com', '62', '81238777203', NULL, NULL, 0, NULL, '$2y$10$OQLToDtTgwPncedyTtckheZx3oh8qLyzjkHdOOJ4/vcVHFDpmQKAK', 1, 'Denpasar', 2, 1, 0, NULL, 0, 1640759724),
(860, 0, 0, 'zenithx11', 'zenithx', NULL, 'zenithxasia+11@gmail.com', '62', '81238777203', NULL, NULL, 0, NULL, '$2y$10$.Tf9Gn.YFTj.VN1NnRGnqOsBOJF1PZn8dOm8ZAcpVZ/43sPtYaprC', 1, 'Denpasar', 2, 1, 0, NULL, 0, 1640759895),
(861, 0, 0, 'zenithx12', 'zenithx', NULL, 'zenithxasia+12@gmail.com', '62', '81238777203', NULL, NULL, 0, NULL, '$2y$10$5J3gG2XraF0HeJrng.grNOehZyxeRkuXQN.mZnWa1CENOdAFQLpN6', 1, 'Denpasar', 2, 1, 0, NULL, 0, 1640759964),
(862, 0, 0, 'zenithx13', 'zenithx', NULL, 'zenithxasia+13@gmail.com', '62', '81238777203', NULL, NULL, 0, NULL, '$2y$10$1Mk9.GlseI8ArukjZWpg.uFv.EZD0mUPljmyXbOcF.GvLhW/kA5Uy', 1, 'Denpasar', 2, 1, 0, NULL, 0, 1640760065),
(863, 0, 0, 'zenithx14', 'zenithx', NULL, 'zenithxasia+14@gmail.com', '62', '81238777203', NULL, NULL, 0, NULL, '$2y$10$KiyNmzLRi.4OvntGsxXtluLz0Imat307G/eW0ql0tj3QCiILKu2Mm', 1, 'Denpasar', 2, 1, 0, NULL, 0, 1640760157),
(864, 0, 0, 'zenithx15', 'zenithx', NULL, 'zenithxasia+15@gmail.com', '62', '81238777203', NULL, NULL, 0, NULL, '$2y$10$xjtBFVIzZlaT20rMU6THCuMhVNlYObbzx5JVA8E9WhSCvn5Dw5l6K', 1, 'Denpasar', 2, 1, 0, NULL, 0, 1640760613),
(865, 0, 0, 'zenithx16', 'zenithx', NULL, 'zenithxasia+16@gmail.com', '62', '81238777203', NULL, NULL, 0, NULL, '$2y$10$DTDbBwi.8IaCwiU9qHh0luksNn0u7VgD8jS6YWntv0Za59BFmwEFm', 1, 'Denpasar', 2, 1, 0, NULL, 0, 1640760699),
(866, 0, 0, 'zenithx17', 'zenithx', NULL, 'zenithxasia+17@gmail.com', '62', '81238777203', NULL, NULL, 0, NULL, '$2y$10$hDYK8eDmdCOL2OD9cuD3juYaowbZMXHI.kJpZnz8SvsmkA8ekNbre', 1, 'Denpasar', 2, 1, 0, NULL, 0, 1640760773),
(867, 0, 0, 'zenithx18', 'zenithx', NULL, 'zenithxasia+18@gmail.com', '62', '81238777203', NULL, NULL, 0, NULL, '$2y$10$avDrg8ROaBPQ3fuCnp8dveIX7uDmxYT77S9YIpl4muV8oCS/PFl1i', 1, 'Denpasar', 2, 1, 0, NULL, 0, 1640760946),
(868, 0, 0, 'zenithx19', 'zenithx', NULL, 'zenithxasia+19@gmail.com', '62', '81238777203', NULL, NULL, 0, NULL, '$2y$10$HBJrG/v36IosG5B7HZ3SgusFC2w7urkEqwdao00vrvZVXX9W0rsuq', 1, 'Denpasar', 2, 1, 0, NULL, 0, 1640761092),
(869, 0, 0, 'zenithx20', 'zenithx', NULL, 'zenithxasia+20@gmail.com', '62', '81238777203', NULL, NULL, 0, NULL, '$2y$10$3mchZmsOHTU2.OKT6PEUvOq/M64KuGN.ouk675bYmThBBeiUSRCYa', 1, 'Denpasar', 2, 1, 0, NULL, 0, 1640761349),
(870, 0, 0, 'zenithx21', 'zenithx', NULL, 'zenithxasia+21@gmail.com', '62', '81238777203', NULL, NULL, 0, NULL, '$2y$10$c2rB1elsCZdSQ/8fstkPaeqcL6OvcljReFR5M.iPDNA6s5dGJF4MG', 1, 'Denpasar', 2, 1, 0, NULL, 0, 1640761495),
(871, 0, 0, 'zenithx22', 'zenithx', NULL, 'zenithxasia+22@gmail.com', '62', '81238777203', NULL, NULL, 0, NULL, '$2y$10$T6qdEAtLSlB8mJ1d.YD.0O9G0bV7Xw.H/5Bx0tntnb.HZhLTX/FoS', 1, 'Denpasar', 2, 1, 0, NULL, 0, 1640761716),
(872, 0, 0, 'zenithx23', 'zenithx', NULL, 'zenithxasia+23@gmail.com', '62', '81238777203', NULL, NULL, 0, NULL, '$2y$10$Gh6qIZQVUxgudvqtPaRLSuMhr/OjkK6HMwWWDPCvC9pYieGOmcjeS', 1, 'Denpasar', 2, 1, 0, NULL, 0, 1640761802),
(873, 0, 0, 'zenithx24', 'zenithx', NULL, 'zenithxasia+24@gmail.com', '62', '81238777203', NULL, NULL, 0, NULL, '$2y$10$NYqylP4mnyX0C.9pcVQDXeNj4L3pYe5lghN7Za1KnCLPRCyyenLTm', 1, 'Denpasar', 2, 1, 0, NULL, 0, 1640761947),
(874, 0, 0, 'zenithx25', 'zenithx', NULL, 'zenithxasia+25@gmail.com', '62', '81238777203', NULL, NULL, 0, NULL, '$2y$10$PKYKSZzFxl/mGl8EitzuP.yGTjmc6ZuqzcFpZszlC6ZRIeD2xRu82', 1, 'Denpasar', 2, 1, 0, NULL, 0, 1640762024),
(875, 0, 0, 'zenithx26', 'zentihx', NULL, 'zenithxasia+26@gmail.com', '62', '81238777203', NULL, NULL, 0, NULL, '$2y$10$acbY1pTKa2g1gKJ3zithJuhv4auEzU/st5KShYKdmAf4/kLCopPGa', 1, 'Denpasar', 2, 1, 0, NULL, 0, 1640762129),
(876, 0, 0, 'zenithx27', 'zenithx', NULL, 'zenithxasia+27@gmail.com', '62', '81238777203', NULL, NULL, 0, NULL, '$2y$10$m/u5xTSVj9f34NBhKVzWqOfdmW0ssoZbXlnExKKxWVth.mepdhKVe', 1, 'Denpasar', 2, 1, 0, NULL, 0, 1640762530),
(877, 0, 0, 'zenithx28', 'zenithx', NULL, 'zenithxasia+28@gmail.com', '62', '81238777203', NULL, NULL, 0, NULL, '$2y$10$qzcbc.lVY5QXgCBBpzdVseZgHGzmNTGb3NyDG0xHyKBI352RTHzP6', 1, 'Denpasar', 2, 1, 0, NULL, 0, 1640762604),
(878, 0, 0, 'zenithx29', 'zenithx', NULL, 'zenithxasia+29@gmail.com', '62', '81238777203', NULL, NULL, 0, NULL, '$2y$10$FFr3eCOkgsjAwqIqYXNRA..nLSHD3ptfcQUf0mWa7xqz2WZ7RpW0K', 1, 'Denpasar', 2, 1, 0, NULL, 0, 1640762699),
(879, 0, 0, 'zenithx30', 'zenithx', NULL, 'zenithxasia+30@gmail.com', '62', '81238777203', NULL, NULL, 0, NULL, '$2y$10$A.y36hKN6Y5D1nJlRICMguUrj7fS2M9MXj/j9SNIWz/yOVygNB5Hm', 1, 'Denpasar', 2, 1, 0, NULL, 0, 1640762796),
(880, 0, 0, 'zenithx31', 'zentihx', NULL, 'zenithxasia+31@gmail.com', '62', '81238777203', NULL, NULL, 0, NULL, '$2y$10$T0Ysb3S/OsrHnz9/sGMfPej/6w5N1FpwfX8q1UqEE4yumNaoPoL6i', 1, 'Denpasar', 2, 1, 0, NULL, 0, 1640762881),
(881, 0, 0, 'zenithx32', 'zenithx', NULL, 'zenithxasia+32@gmail.com', '62', '81238777203', NULL, NULL, 0, NULL, '$2y$10$tAqRnU6wPFhK7IbpyKUokO/hNhzkI070LXNfvQZZ/NbfVpZesTwZK', 1, 'Denpasar', 2, 1, 0, NULL, 0, 1640762974),
(882, 0, 0, 'zenithx33', 'zentihx', NULL, 'zenithxasia+33@gmail.com', '62', '81238777203', NULL, 'SLORO5U6WXSZJFPV', 0, 413890, '$2y$10$pM.x7VaPI7VXWOizDMs2Q.WkpNy.ttjhKVyI0mS5NwEvp.nBrl4/e', 1, 'Denpasar', 2, 1, 0, NULL, 0, 1640763139),
(883, 0, 0, 'korearich', 'korearich', NULL, 'zenithxasia+34@gmail.com', '82', '81238777203', NULL, NULL, 0, NULL, '$2y$10$kNKMbvadmMq0/SJ9Q6O.iu1BZjIRxTpE/DoeRJBssL8BjzicPJEjC', 4, 'Korea', 2, 1, 0, NULL, 0, 1640764769),
(884, 0, 0, 'indonesiarich', 'indonesia', NULL, 'zenithxasia+35@gmail.com', '62', '81238777203', NULL, NULL, 0, NULL, '$2y$10$yQw606Vy7nYV9bLjIcpHM.a29bBAIzP7uYKNJovY6HRPkOMJsZH0e', 1, 'Denpasar', 2, 1, 0, NULL, 0, 1640765238),
(885, 0, 0, 'thailandrich', 'thailandrich', NULL, 'zenithxasia+36@gmail.com', '86', '81238777203', NULL, NULL, 0, NULL, '$2y$10$z9VyPj8pgK1jwcnkcm99nuEJe4M4sXw.CkN4Au0thm3rtkNEMF7uy', 1, 'Denpasar', 2, 1, 0, NULL, 0, 1640767757),
(886, 0, 0, 'vietnamrich', 'vietnamrich', NULL, 'zenithxasia+37@gmail.com', '84', '81238777203', NULL, NULL, 0, NULL, '$2y$10$xUh2nOMnoN4l0z.nnf4Ib.NH4C22CyzXFevXx5sbIPoJlBDNr/iZy', 1, 'Denpasar', 2, 1, 0, NULL, 0, 1640767887),
(887, 0, 0, 'chinarich', 'chinarich', NULL, 'zenithxasia+38@gmail.com', '66', '81238777203', NULL, NULL, 0, NULL, '$2y$10$zxvFCJX38GT5relr6X2OeOJgB43xESBlB6DT68Rlg7z.lJ3/V8eEi', 1, 'Denpasar', 2, 1, 0, NULL, 0, 1640768019),
(888, 0, 0, 'unitedkingdomrich', 'unitedkingdomrich', NULL, 'zenithxasia+39@gmail.com', '44', '81238777203', NULL, NULL, 0, NULL, '$2y$10$CRljWcRvwT5dZuqZd1XDluC4OB2F.CF1RUVgQVpYk1wQBXPGZqtgO', 1, 'Denpasar', 2, 1, 0, NULL, 0, 1640768117),
(889, 0, 0, 'korearich1', 'kimkwangjo', NULL, 'gwangjo.kim@gmail.com', '82', '01096373393', NULL, NULL, 0, NULL, '$2y$10$KrWRJdgNI7q9s2QJWi9rZ.BzFpcFJRrLnOSuGYNjbgHRAmo26CQDy', 4, 'Korea', 2, 1, 0, NULL, 0, 1640772186);

-- --------------------------------------------------------

--
-- Table structure for table `user_messages`
--

CREATE TABLE `user_messages` (
  `id` int(11) NOT NULL,
  `uniq_id` varchar(6) COLLATE utf8mb4_bin NOT NULL,
  `name` varchar(30) CHARACTER SET latin1 NOT NULL,
  `sender_email` varchar(30) COLLATE utf8mb4_bin NOT NULL,
  `email` varchar(30) CHARACTER SET latin1 NOT NULL,
  `phone` varchar(15) COLLATE utf8mb4_bin NOT NULL,
  `message` varchar(500) CHARACTER SET latin1 NOT NULL,
  `image` varchar(25) COLLATE utf8mb4_bin NOT NULL,
  `time` varchar(20) COLLATE utf8mb4_bin NOT NULL,
  `is_end` int(1) NOT NULL
) ENGINE=InnoDB DEFAULT CHARSET=utf8mb4 COLLATE=utf8mb4_bin;

-- --------------------------------------------------------

--
-- Table structure for table `user_role`
--

CREATE TABLE `user_role` (
  `id` int(11) NOT NULL,
  `role` varchar(128) NOT NULL
) ENGINE=InnoDB DEFAULT CHARSET=latin1;

--
-- Dumping data for table `user_role`
--

INSERT INTO `user_role` (`id`, `role`) VALUES
(1, 'Administrator'),
(2, 'Member');

-- --------------------------------------------------------

--
-- Table structure for table `user_token`
--

CREATE TABLE `user_token` (
  `id` int(11) NOT NULL,
  `email` varchar(128) NOT NULL,
  `token` varchar(128) NOT NULL,
  `date_create` int(11) NOT NULL
) ENGINE=InnoDB DEFAULT CHARSET=latin1;

--
-- Dumping data for table `user_token`
--

INSERT INTO `user_token` (`id`, `email`, `token`, `date_create`) VALUES
(510, 'zenithxasia@gmail.com', '459216', 1640757357),
(511, 'zenithxasia@gmail.com', '725960', 1640757490),
(512, 'zenithxasia+1@gmail.com', '487936', 1640757668),
(513, 'zenithxasia+2@gmail.com', '465390', 1640757988),
(514, 'zenithxasia+3@gmail.com', '758034', 1640758106),
(515, 'zenithxasia+4@gmail.com', '506823', 1640758611),
(516, 'zenithxasia+5@gmail.com', '082634', 1640758762),
(517, 'zenithxasia@gmail.com', '093741', 1640759148),
(518, 'zenithxasia+6@gmail.com', '716053', 1640759184),
(519, 'zenithxasia+7@gmail.com', '540892', 1640759255),
(520, 'zenithxasia+8@gmail.com', '473120', 1640759350),
(521, 'zenithxasia+9@gmail.com', '182067', 1640759520),
(522, 'zenithxasia+10@gmail.com', '571843', 1640759701),
(523, 'zenithxasia+11@gmail.com', '462789', 1640759779),
(524, 'zenithxasia+12@gmail.com', '708162', 1640759942),
(525, 'zenithxasia+13@gmail.com', '946035', 1640760032),
(526, 'zenithxasia+14@gmail.com', '327456', 1640760135),
(527, 'zenithxasia+15@gmail.com', '598213', 1640760563),
(528, 'zenithxasia+16@gmail.com', '712403', 1640760677),
(529, 'zenithxasia+17@gmail.com', '017596', 1640760750),
(530, 'zentixasia+18@gmail.com', '463897', 1640760868),
(531, 'zenithxasia+18@gmail.com', '098725', 1640760922),
(532, 'zentixasia+19@gmail.com', '958276', 1640761028),
(533, 'zentixasia+19@gmail.com', '306192', 1640761042),
(534, 'zenithxasia+19@gmail.com', '173259', 1640761071),
(535, 'zenithxasia+20@gmail.com', '869371', 1640761328),
(536, 'zenithxasia+21@gmail.com', '624815', 1640761474),
(537, 'zenithxasia+22@gmail.com', '984612', 1640761692),
(538, 'zenithxasia+23@gmail.com', '284017', 1640761779),
(539, 'zenithxasia+24@gmail.com', '781462', 1640761851),
(540, 'zenithxasia+25@gmail.com', '210796', 1640762000),
(541, 'zenithxasia+26@gmail.com', '739810', 1640762103),
(542, 'zenithxasia+27@gmail.com', '142369', 1640762507),
(543, 'zenithxasia+28@gmail.com', '254690', 1640762581),
(544, 'zenithxasia+29@gmail.com', '517629', 1640762672),
(545, 'zenithxasia+30@gmail.com', '512083', 1640762749),
(546, 'zenithxasia+31@gmail.com', '704239', 1640762857),
(547, 'zenithxasia+32@gmail.com', '109475', 1640762952),
(548, 'zentihxasia+33@gmail.com', '057968', 1640763096),
(549, 'zenithxasia+33@gmail.com', '791062', 1640763113),
(550, 'zenithxasia+34@gmail.com', '820519', 1640764638),
(551, 'zenithxasia+35@gmail.com', '845960', 1640765209),
(552, 'zenithxasia+36@gmail.com', '506172', 1640767694),
(553, 'zenithxasia+37@gmail.com', '354271', 1640767856),
(554, 'zenithxasia+38@gmail.com', '042135', 1640767993),
(555, 'zenithxasia+39@gmail.com', '708413', 1640768085),
(556, 'gwangjo.kim@gmail.com', '427580', 1640772138),
(557, 'gwangjo.kim@gmail.com', '174065', 1640772538);

-- --------------------------------------------------------

--
-- Table structure for table `wallet_address`
--

CREATE TABLE `wallet_address` (
  `id` int(11) NOT NULL,
  `filecoin` varchar(128) NOT NULL,
  `mtm` varchar(128) NOT NULL,
  `zenx` varchar(128) NOT NULL
) ENGINE=InnoDB DEFAULT CHARSET=latin1;

--
-- Dumping data for table `wallet_address`
--

INSERT INTO `wallet_address` (`id`, `filecoin`, `mtm`, `zenx`) VALUES
(1, 'f1nd2tsgupiyqfqv2q7gfbyfuqrt4fn5vbfj6kjaq', 'MGWB3kdvYJFqVxwJ1j92bdrSQhV3V8Zdyf', '0xD9B6aDC655C529e0bdb41b16e008A110e2ceB5e4');

-- --------------------------------------------------------

--
-- Table structure for table `wallet_office`
--

CREATE TABLE `wallet_office` (
  `id` int(11) NOT NULL,
  `user_id` int(11) NOT NULL,
  `filecoin` double NOT NULL,
  `datecreate` int(11) NOT NULL
) ENGINE=InnoDB DEFAULT CHARSET=latin1;

-- --------------------------------------------------------

--
-- Table structure for table `withdrawal`
--

CREATE TABLE `withdrawal` (
  `id` int(11) NOT NULL,
  `user_id` int(11) NOT NULL,
  `coin_type` varchar(15) NOT NULL,
  `wallet_address` varchar(128) NOT NULL,
  `amount` float NOT NULL,
  `total` float NOT NULL,
  `txid` varchar(64) DEFAULT NULL,
  `note` varchar(255) NOT NULL,
  `datecreate` int(11) NOT NULL,
  `update_date` int(11) NOT NULL
) ENGINE=InnoDB DEFAULT CHARSET=latin1;

--
-- Dumping data for table `withdrawal`
--

INSERT INTO `withdrawal` (`id`, `user_id`, `coin_type`, `wallet_address`, `amount`, `total`, `txid`, `note`, `datecreate`, `update_date`) VALUES
(7, 882, 'filecoin', 'f1nd2tsgupiyqfqv2q7gfbyfuqrt4fn5vbfj6kjaq', 3.375, 3.34125, 'f1nd2tsgupiyqfqv2q7gfbyfuqrt4fn5vbfj6kjaq', '', 1640769435, 0),
(8, 882, 'zenx', '0xD9B6aDC655C529e0bdb41b16e008A110e2ceB5e4', 1220, 1207.8, '3b9610db7834cc8a6c6171a3901e8b44684e78eb4b27771edbb6d6f4bf845c49', '', 1640769824, 0);

--
-- Indexes for dumped tables
--

--
-- Indexes for table `airdrop_mtm`
--
ALTER TABLE `airdrop_mtm`
  ADD PRIMARY KEY (`id`);

--
-- Indexes for table `airdrop_mtm_transfer`
--
ALTER TABLE `airdrop_mtm_transfer`
  ADD PRIMARY KEY (`id`);

--
-- Indexes for table `airdrop_zenx_transfer`
--
ALTER TABLE `airdrop_zenx_transfer`
  ADD PRIMARY KEY (`id`);

--
-- Indexes for table `balance_point`
--
ALTER TABLE `balance_point`
  ADD PRIMARY KEY (`id`);

--
-- Indexes for table `banner_home`
--
ALTER TABLE `banner_home`
  ADD PRIMARY KEY (`id`);

--
-- Indexes for table `basecamp_leader`
--
ALTER TABLE `basecamp_leader`
  ADD PRIMARY KEY (`id`);

--
-- Indexes for table `basecamp_name`
--
ALTER TABLE `basecamp_name`
  ADD PRIMARY KEY (`id`);

--
-- Indexes for table `bonus`
--
ALTER TABLE `bonus`
  ADD PRIMARY KEY (`id`);

--
-- Indexes for table `bonus_basecamp`
--
ALTER TABLE `bonus_basecamp`
  ADD PRIMARY KEY (`id`);

--
-- Indexes for table `bonus_binarymatch`
--
ALTER TABLE `bonus_binarymatch`
  ADD PRIMARY KEY (`id`);

--
-- Indexes for table `bonus_global`
--
ALTER TABLE `bonus_global`
  ADD PRIMARY KEY (`id`);

--
-- Indexes for table `bonus_maxmatching`
--
ALTER TABLE `bonus_maxmatching`
  ADD PRIMARY KEY (`id`);

--
-- Indexes for table `bonus_minmatching`
--
ALTER TABLE `bonus_minmatching`
  ADD PRIMARY KEY (`id`);

--
-- Indexes for table `bonus_minpairing`
--
ALTER TABLE `bonus_minpairing`
  ADD PRIMARY KEY (`id`);

--
-- Indexes for table `bonus_sm`
--
ALTER TABLE `bonus_sm`
  ADD PRIMARY KEY (`id`);

--
-- Indexes for table `bonus_transfer_general`
--
ALTER TABLE `bonus_transfer_general`
  ADD PRIMARY KEY (`id`);

--
-- Indexes for table `cart`
--
ALTER TABLE `cart`
  ADD PRIMARY KEY (`id`);

--
-- Indexes for table `code_bonus`
--
ALTER TABLE `code_bonus`
  ADD PRIMARY KEY (`id`);

--
-- Indexes for table `coin_type`
--
ALTER TABLE `coin_type`
  ADD PRIMARY KEY (`id`);

--
-- Indexes for table `deposit`
--
ALTER TABLE `deposit`
  ADD PRIMARY KEY (`id`);

--
-- Indexes for table `excess_bonus`
--
ALTER TABLE `excess_bonus`
  ADD PRIMARY KEY (`id`);

--
-- Indexes for table `leftovers_real`
--
ALTER TABLE `leftovers_real`
  ADD PRIMARY KEY (`id`);

--
-- Indexes for table `level_fm`
--
ALTER TABLE `level_fm`
  ADD PRIMARY KEY (`id`);

--
-- Indexes for table `market_price`
--
ALTER TABLE `market_price`
  ADD PRIMARY KEY (`id`);

--
-- Indexes for table `minimum_withdrawal`
--
ALTER TABLE `minimum_withdrawal`
  ADD PRIMARY KEY (`id`);

--
-- Indexes for table `mining`
--
ALTER TABLE `mining`
  ADD PRIMARY KEY (`id`);

--
-- Indexes for table `mining_user`
--
ALTER TABLE `mining_user`
  ADD PRIMARY KEY (`id`);

--
-- Indexes for table `mining_user_transfer`
--
ALTER TABLE `mining_user_transfer`
  ADD PRIMARY KEY (`id`);

--
-- Indexes for table `news_announce`
--
ALTER TABLE `news_announce`
  ADD PRIMARY KEY (`id`);

--
-- Indexes for table `notifi`
--
ALTER TABLE `notifi`
  ADD PRIMARY KEY (`id`);

--
-- Indexes for table `package`
--
ALTER TABLE `package`
  ADD PRIMARY KEY (`id`);

--
-- Indexes for table `package_tour`
--
ALTER TABLE `package_tour`
  ADD PRIMARY KEY (`id`);

--
-- Indexes for table `package_type`
--
ALTER TABLE `package_type`
  ADD PRIMARY KEY (`id`);

--
-- Indexes for table `txid`
--
ALTER TABLE `txid`
  ADD PRIMARY KEY (`id`);

--
-- Indexes for table `user`
--
ALTER TABLE `user`
  ADD PRIMARY KEY (`id`);

--
-- Indexes for table `user_messages`
--
ALTER TABLE `user_messages`
  ADD PRIMARY KEY (`id`);

--
-- Indexes for table `user_role`
--
ALTER TABLE `user_role`
  ADD PRIMARY KEY (`id`);

--
-- Indexes for table `user_token`
--
ALTER TABLE `user_token`
  ADD PRIMARY KEY (`id`);

--
-- Indexes for table `wallet_address`
--
ALTER TABLE `wallet_address`
  ADD PRIMARY KEY (`id`);

--
-- Indexes for table `wallet_office`
--
ALTER TABLE `wallet_office`
  ADD PRIMARY KEY (`id`);

--
-- Indexes for table `withdrawal`
--
ALTER TABLE `withdrawal`
  ADD PRIMARY KEY (`id`);

--
-- AUTO_INCREMENT for dumped tables
--

--
-- AUTO_INCREMENT for table `airdrop_mtm`
--
ALTER TABLE `airdrop_mtm`
  MODIFY `id` int(11) NOT NULL AUTO_INCREMENT, AUTO_INCREMENT=1051;

--
-- AUTO_INCREMENT for table `airdrop_mtm_transfer`
--
ALTER TABLE `airdrop_mtm_transfer`
  MODIFY `id` int(11) NOT NULL AUTO_INCREMENT, AUTO_INCREMENT=4;

--
-- AUTO_INCREMENT for table `airdrop_zenx_transfer`
--
ALTER TABLE `airdrop_zenx_transfer`
  MODIFY `id` int(11) NOT NULL AUTO_INCREMENT, AUTO_INCREMENT=3;

--
-- AUTO_INCREMENT for table `balance_point`
--
ALTER TABLE `balance_point`
  MODIFY `id` int(11) NOT NULL AUTO_INCREMENT, AUTO_INCREMENT=5935;

--
-- AUTO_INCREMENT for table `banner_home`
--
ALTER TABLE `banner_home`
  MODIFY `id` int(11) NOT NULL AUTO_INCREMENT, AUTO_INCREMENT=29;

--
-- AUTO_INCREMENT for table `basecamp_leader`
--
ALTER TABLE `basecamp_leader`
  MODIFY `id` int(11) NOT NULL AUTO_INCREMENT, AUTO_INCREMENT=18;

--
-- AUTO_INCREMENT for table `basecamp_name`
--
ALTER TABLE `basecamp_name`
  MODIFY `id` int(11) NOT NULL AUTO_INCREMENT, AUTO_INCREMENT=14;

--
-- AUTO_INCREMENT for table `bonus`
--
ALTER TABLE `bonus`
  MODIFY `id` int(11) NOT NULL AUTO_INCREMENT, AUTO_INCREMENT=727;

--
-- AUTO_INCREMENT for table `bonus_basecamp`
--
ALTER TABLE `bonus_basecamp`
  MODIFY `id` int(11) NOT NULL AUTO_INCREMENT, AUTO_INCREMENT=30;

--
-- AUTO_INCREMENT for table `bonus_binarymatch`
--
ALTER TABLE `bonus_binarymatch`
  MODIFY `id` int(11) NOT NULL AUTO_INCREMENT, AUTO_INCREMENT=78;

--
-- AUTO_INCREMENT for table `bonus_global`
--
ALTER TABLE `bonus_global`
  MODIFY `id` int(11) NOT NULL AUTO_INCREMENT, AUTO_INCREMENT=69;

--
-- AUTO_INCREMENT for table `bonus_maxmatching`
--
ALTER TABLE `bonus_maxmatching`
  MODIFY `id` int(11) NOT NULL AUTO_INCREMENT, AUTO_INCREMENT=280;

--
-- AUTO_INCREMENT for table `bonus_minmatching`
--
ALTER TABLE `bonus_minmatching`
  MODIFY `id` int(11) NOT NULL AUTO_INCREMENT, AUTO_INCREMENT=34720;

--
-- AUTO_INCREMENT for table `bonus_minpairing`
--
ALTER TABLE `bonus_minpairing`
  MODIFY `id` int(11) NOT NULL AUTO_INCREMENT, AUTO_INCREMENT=1453;

--
-- AUTO_INCREMENT for table `bonus_sm`
--
ALTER TABLE `bonus_sm`
  MODIFY `id` int(11) NOT NULL AUTO_INCREMENT, AUTO_INCREMENT=656;

--
-- AUTO_INCREMENT for table `bonus_transfer_general`
--
ALTER TABLE `bonus_transfer_general`
  MODIFY `id` int(11) NOT NULL AUTO_INCREMENT, AUTO_INCREMENT=9;

--
-- AUTO_INCREMENT for table `cart`
--
ALTER TABLE `cart`
  MODIFY `id` int(11) NOT NULL AUTO_INCREMENT, AUTO_INCREMENT=1068;

--
-- AUTO_INCREMENT for table `code_bonus`
--
ALTER TABLE `code_bonus`
  MODIFY `id` int(11) NOT NULL AUTO_INCREMENT, AUTO_INCREMENT=4;

--
-- AUTO_INCREMENT for table `coin_type`
--
ALTER TABLE `coin_type`
  MODIFY `id` int(11) NOT NULL AUTO_INCREMENT, AUTO_INCREMENT=3;

--
-- AUTO_INCREMENT for table `deposit`
--
ALTER TABLE `deposit`
  MODIFY `id` int(11) NOT NULL AUTO_INCREMENT, AUTO_INCREMENT=525;

--
-- AUTO_INCREMENT for table `excess_bonus`
--
ALTER TABLE `excess_bonus`
  MODIFY `id` int(11) NOT NULL AUTO_INCREMENT, AUTO_INCREMENT=26;

--
-- AUTO_INCREMENT for table `leftovers_real`
--
ALTER TABLE `leftovers_real`
  MODIFY `id` int(11) NOT NULL AUTO_INCREMENT, AUTO_INCREMENT=284;

--
-- AUTO_INCREMENT for table `level_fm`
--
ALTER TABLE `level_fm`
  MODIFY `id` int(11) NOT NULL AUTO_INCREMENT, AUTO_INCREMENT=648;

--
-- AUTO_INCREMENT for table `market_price`
--
ALTER TABLE `market_price`
  MODIFY `id` int(11) NOT NULL AUTO_INCREMENT, AUTO_INCREMENT=11;

--
-- AUTO_INCREMENT for table `minimum_withdrawal`
--
ALTER TABLE `minimum_withdrawal`
  MODIFY `id` int(11) NOT NULL AUTO_INCREMENT, AUTO_INCREMENT=2;

--
-- AUTO_INCREMENT for table `mining`
--
ALTER TABLE `mining`
  MODIFY `id` int(11) NOT NULL AUTO_INCREMENT, AUTO_INCREMENT=43;

--
-- AUTO_INCREMENT for table `mining_user`
--
ALTER TABLE `mining_user`
  MODIFY `id` int(11) NOT NULL AUTO_INCREMENT, AUTO_INCREMENT=1595;

--
-- AUTO_INCREMENT for table `mining_user_transfer`
--
ALTER TABLE `mining_user_transfer`
  MODIFY `id` int(11) NOT NULL AUTO_INCREMENT, AUTO_INCREMENT=3;

--
-- AUTO_INCREMENT for table `news_announce`
--
ALTER TABLE `news_announce`
  MODIFY `id` int(11) NOT NULL AUTO_INCREMENT, AUTO_INCREMENT=10;

--
-- AUTO_INCREMENT for table `notifi`
--
ALTER TABLE `notifi`
  MODIFY `id` int(11) NOT NULL AUTO_INCREMENT, AUTO_INCREMENT=1301;

--
-- AUTO_INCREMENT for table `package`
--
ALTER TABLE `package`
  MODIFY `id` int(11) NOT NULL AUTO_INCREMENT, AUTO_INCREMENT=19;

--
-- AUTO_INCREMENT for table `package_tour`
--
ALTER TABLE `package_tour`
  MODIFY `id` int(11) NOT NULL AUTO_INCREMENT, AUTO_INCREMENT=7;

--
-- AUTO_INCREMENT for table `package_type`
--
ALTER TABLE `package_type`
  MODIFY `id` int(11) NOT NULL AUTO_INCREMENT, AUTO_INCREMENT=3;

--
-- AUTO_INCREMENT for table `txid`
--
ALTER TABLE `txid`
  MODIFY `id` int(11) NOT NULL AUTO_INCREMENT, AUTO_INCREMENT=52;

--
-- AUTO_INCREMENT for table `user`
--
ALTER TABLE `user`
  MODIFY `id` int(11) NOT NULL AUTO_INCREMENT, AUTO_INCREMENT=890;

--
-- AUTO_INCREMENT for table `user_messages`
--
ALTER TABLE `user_messages`
  MODIFY `id` int(11) NOT NULL AUTO_INCREMENT, AUTO_INCREMENT=6;

--
-- AUTO_INCREMENT for table `user_role`
--
ALTER TABLE `user_role`
  MODIFY `id` int(11) NOT NULL AUTO_INCREMENT, AUTO_INCREMENT=3;

--
-- AUTO_INCREMENT for table `user_token`
--
ALTER TABLE `user_token`
  MODIFY `id` int(11) NOT NULL AUTO_INCREMENT, AUTO_INCREMENT=558;

--
-- AUTO_INCREMENT for table `wallet_address`
--
ALTER TABLE `wallet_address`
  MODIFY `id` int(11) NOT NULL AUTO_INCREMENT, AUTO_INCREMENT=2;

--
-- AUTO_INCREMENT for table `wallet_office`
--
ALTER TABLE `wallet_office`
  MODIFY `id` int(11) NOT NULL AUTO_INCREMENT, AUTO_INCREMENT=208;

--
-- AUTO_INCREMENT for table `withdrawal`
--
ALTER TABLE `withdrawal`
  MODIFY `id` int(11) NOT NULL AUTO_INCREMENT, AUTO_INCREMENT=9;
COMMIT;

/*!40101 SET CHARACTER_SET_CLIENT=@OLD_CHARACTER_SET_CLIENT */;
/*!40101 SET CHARACTER_SET_RESULTS=@OLD_CHARACTER_SET_RESULTS */;
/*!40101 SET COLLATION_CONNECTION=@OLD_COLLATION_CONNECTION */;
